Bin Id	Marker lineage	# genomes	# markers	# marker sets	0	1	2	3	4	5+	Completeness	Contamination	Strain heterogeneity
GCF_000154785.2_ASM15478v2	f__Rhodobacteraceae (UID3360)	56	582	313	3	578	1	0	0	0	99.25	0.32	0.00
GCF_000156335.1_ASM15633v1	f__Rhodobacteraceae (UID3360)	56	582	313	2	578	2	0	0	0	99.36	0.04	0.00
GCF_000195475.1_ASM19547v2	g__Vibrio (UID4874)	71	1067	378	4	1051	12	0	0	0	99.14	1.30	0.00
GCF_000224005.2_ASM22400v3	c__Gammaproteobacteria (UID4274)	112	581	290	1	579	1	0	0	0	99.94	0.17	0.00
GCF_000224065.1_ASM22406v1	c__Gammaproteobacteria (UID4274)	112	581	290	1	575	5	0	0	0	99.94	0.85	0.00
GCF_000225805.1_ASM22580v1	o__Pseudomonadales (UID4488)	185	813	308	8	799	6	0	0	0	98.39	0.66	83.33
GCF_000256485.1_Vsplend_12F01_1.0	g__Vibrio (UID4874)	71	1066	378	1	1015	50	0	0	0	99.96	6.77	88.00
GCF_000259935.1_ASM25993v1	f__Vibrionaceae (UID4865)	80	922	367	0	920	2	0	0	0	100.00	0.18	0.00
GCF_000262525.1_ASM26252v1	k__Bacteria (UID203)	5449	104	58	86	18	0	0	0	0	23.28	0.00	0.00
GCF_000265055.1_ASM26505v1	o__Rhizobiales (UID3450)	238	511	244	9	500	2	0	0	0	98.45	0.45	0.00
GCF_000272105.2_ASM27210v2	g__Vibrio (UID4874)	71	1066	378	3	1057	6	0	0	0	99.71	0.93	0.00
GCF_000276645.1_ASM27664v1	c__Gammaproteobacteria (UID4787)	26	752	296	0	750	2	0	0	0	100.00	0.23	0.00
GCF_000315135.1_De_novo	f__Vibrionaceae (UID4865)	80	922	367	0	919	3	0	0	0	100.00	0.11	0.00
GCF_000334195.1_Vc-CAIM519	f__Vibrionaceae (UID4865)	80	922	367	3	914	5	0	0	0	99.52	0.57	0.00
GCF_000347495.1_VibParPCV08-7_1.0	f__Vibrionaceae (UID4865)	80	922	367	1	919	1	1	0	0	99.98	0.82	25.00
GCF_000355675.1_ASM35567v1	c__Gammaproteobacteria (UID4444)	263	505	231	2	497	6	0	0	0	99.48	1.41	0.00
GCF_000376545.2_ASM37654v2	f__Rhodobacteraceae (UID3375)	32	625	283	2	621	2	0	0	0	99.47	0.35	0.00
GCF_000430925.2_RsSD54V2.0	f__Burkholderiaceae (UID4003)	91	596	218	7	589	0	0	0	0	98.11	0.00	0.00
GCF_000444935.1_ASM44493v1	c__Gammaproteobacteria (UID4274)	112	568	283	1	567	0	0	0	0	99.94	0.00	0.00
GCF_000495575.1_Pl_2TA16.110909	c__Gammaproteobacteria (UID4787)	26	752	296	0	751	1	0	0	0	100.00	0.17	0.00
GCF_000498115.1_Burkholderia_cenocepacia_KC-01	k__Bacteria (UID203)	5449	104	58	54	50	0	0	0	0	72.41	0.00	0.00
GCF_000590905.1_De_novo_Assembly	o__Pseudomonadales (UID4488)	185	813	308	4	806	3	0	0	0	99.40	0.54	0.00
GCF_000600975.2_Lokhon	f__Rhodobacteraceae (UID3356)	67	617	330	6	611	0	0	0	0	98.59	0.00	0.00
GCF_000622325.1_MM124_draft	f__Rhodobacteraceae (UID3360)	56	582	313	1	578	3	0	0	0	99.68	0.64	33.33
GCF_000622345.1_32188_draft	f__Rhodobacteraceae (UID3360)	56	582	313	1	578	3	0	0	0	99.89	0.38	0.00
GCF_000622365.1_NB68_draft	f__Rhodobacteraceae (UID3360)	56	582	313	2	580	0	0	0	0	99.36	0.00	0.00
GCF_000622385.1_NB77_draft	f__Rhodobacteraceae (UID3360)	56	582	313	2	578	2	0	0	0	99.36	0.43	0.00
GCF_000622405.1_12864_draft	f__Rhodobacteraceae (UID3360)	56	582	313	1	580	1	0	0	0	99.68	0.02	0.00
GCF_000622425.1_32187_draft	f__Rhodobacteraceae (UID3360)	56	582	313	3	575	4	0	0	0	99.25	0.80	0.00
GCF_000647535.1_1FIGIMAR09_01	f__Rhodobacteraceae (UID3360)	56	582	313	2	577	3	0	0	0	99.57	0.38	0.00
GCF_000647975.1_SOAPdenovo_v1.05	f__Rhodobacteraceae (UID3356)	67	616	330	2	609	5	0	0	0	99.39	0.97	0.00
GCF_000661915.1_ASM66191v1	c__Gammaproteobacteria (UID4445)	228	583	244	0	580	3	0	0	0	100.00	0.55	0.00
GCF_000682675.1_SOAPdenovo_v1.05	c__Alphaproteobacteria (UID3422)	26	529	308	3	522	4	0	0	0	99.19	0.89	0.00
GCF_000682735.1_SOAPdenovo_v1.05	c__Alphaproteobacteria (UID3422)	26	529	308	0	520	8	1	0	0	100.00	1.02	9.09
GCF_000705355.1_SOAPdenovo_for_version_1.05_of_Rhizobium_marinus_MGL06	o__Rhizobiales (UID3449)	345	430	257	0	429	1	0	0	0	100.00	0.39	0.00
GCF_000712275.1_SOAPdenovo_v1.05	f__Rhodobacteraceae (UID3360)	56	582	313	1	580	1	0	0	0	99.68	0.02	0.00
GCF_000714535.1_SOAPdenovo_v1.05	f__Rhodobacteraceae (UID3340)	84	568	330	1	564	3	0	0	0	99.70	0.52	0.00
GCF_000722625.1_ASM72262v1	o__Rhizobiales (UID3449)	345	430	257	0	427	2	1	0	0	100.00	1.36	0.00
GCF_000731955.1_B6	c__Gammaproteobacteria (UID4444)	263	507	232	4	501	2	0	0	0	99.35	0.54	0.00
GCF_000736315.1_ASM73631v1	f__Vibrionaceae (UID4865)	80	922	367	0	922	0	0	0	0	100.00	0.00	0.00
GCF_000736335.1_ASM73633v1	f__Vibrionaceae (UID4865)	80	922	367	0	922	0	0	0	0	100.00	0.00	0.00
GCF_000743715.1_ASM74371v1	f__Rhodobacteraceae (UID3356)	67	617	330	6	605	6	0	0	0	98.79	0.34	0.00
GCF_000759025.1_ASM75902v1	p__Bacteroidetes (UID2591)	364	298	198	0	291	6	1	0	0	100.00	4.04	22.22
GCF_000763295.1_ASM76329v1	o__Rhodospirillales (UID3754)	63	336	201	0	335	1	0	0	0	100.00	0.25	0.00
GCF_000763905.1_ASM76390v1	f__Rhodobacteraceae (UID3340)	84	568	330	2	563	3	0	0	0	99.64	0.40	66.67
GCF_000775715.1_ASM77571v1	g__Vibrio (UID4874)	71	1067	378	0	1059	8	0	0	0	100.00	1.11	0.00
GCF_000775725.1_ASM77572v1	g__Vibrio (UID4874)	71	1067	378	3	1058	6	0	0	0	99.42	1.08	0.00
GCF_000783325.1_ASM78332v1	g__Vibrio (UID4874)	71	1067	378	2	1057	8	0	0	0	99.68	1.25	0.00
GCF_000785575.1_ASM78557v1	g__Vibrio (UID4874)	71	1067	378	3	1058	6	0	0	0	99.66	0.83	0.00
GCF_000812665.2_ASM81266v2	f__Rhodobacteraceae (UID3356)	67	615	329	6	604	5	0	0	0	98.85	0.56	0.00
GCF_000816475.1_ASM81647v1	g__Vibrio (UID4874)	71	1067	378	2	1061	3	1	0	0	99.68	1.06	16.67
GCF_000817815.1_ASM81781v1	f__Vibrionaceae (UID4865)	80	922	367	0	912	9	1	0	0	100.00	1.43	0.00
GCF_000817825.1_ASM81782v1	f__Vibrionaceae (UID4865)	80	922	367	0	918	4	0	0	0	100.00	0.37	0.00
GCF_000819625.1_ASM81962v1	f__Rhodobacteraceae (UID3375)	32	625	283	2	622	1	0	0	0	99.47	0.35	0.00
GCF_000877395.1_ASM87739v1	f__Rhodobacteraceae (UID3356)	67	617	330	7	606	4	0	0	0	98.26	0.61	0.00
GCF_000948415.1_ASM94841v1	o__Rhodospirillales (UID3754)	63	336	201	0	336	0	0	0	0	100.00	0.00	0.00
GCF_000950005.1_CFSAN029433_01.0	f__Vibrionaceae (UID4865)	80	921	366	3	914	4	0	0	0	99.39	0.74	25.00
GCF_000950015.1_CFSAN029434_01.0	f__Vibrionaceae (UID4865)	80	921	366	5	911	4	1	0	0	99.35	0.40	0.00
GCF_000950095.1_CFSAN029432_01.0	f__Vibrionaceae (UID4865)	80	921	366	15	900	5	1	0	0	97.42	0.47	12.50
GCF_000950255.1_CFSAN029435_01.0	f__Vibrionaceae (UID4865)	80	921	366	5	911	5	0	0	0	99.48	1.01	20.00
GCF_000959745.1_ASM95974v1	f__Vibrionaceae (UID4865)	80	922	367	0	920	2	0	0	0	100.00	0.32	0.00
GCF_000959755.1_ASM95975v1	f__Vibrionaceae (UID4865)	80	922	367	0	921	1	0	0	0	100.00	0.03	0.00
GCF_000959765.1_ASM95976v1	f__Vibrionaceae (UID4865)	80	922	367	0	918	4	0	0	0	100.00	0.37	0.00
GCF_000959775.1_ASM95977v1	f__Vibrionaceae (UID4865)	80	922	367	0	921	1	0	0	0	100.00	0.03	0.00
GCF_000959825.1_ASM95982v1	f__Vibrionaceae (UID4865)	80	922	367	2	879	38	3	0	0	99.73	5.31	0.00
GCF_000959835.1_ASM95983v1	f__Vibrionaceae (UID4865)	80	922	367	0	919	3	0	0	0	100.00	0.10	0.00
GCF_000959845.1_ASM95984v1	f__Vibrionaceae (UID4865)	80	922	367	0	919	3	0	0	0	100.00	0.08	0.00
GCF_000960125.1_ASM96012v1	f__Vibrionaceae (UID4865)	80	922	367	0	919	3	0	0	0	100.00	0.35	0.00
GCF_000962815.1_ASM96281v1	f__Vibrionaceae (UID4865)	80	922	367	0	921	1	0	0	0	100.00	0.05	0.00
GCF_000967055.1_ASM96705v1	f__Vibrionaceae (UID4865)	80	922	367	1	918	3	0	0	0	99.86	0.36	0.00
GCF_000968645.1_ASM96864v1	c__Gammaproteobacteria (UID4442)	899	312	185	1	311	0	0	0	0	99.97	0.00	0.00
GCF_001010925.1_ASM101092v1	o__Sphingomonadales (UID3310)	26	569	293	3	565	1	0	0	0	99.25	0.34	0.00
GCF_001013305.1_ASM101330v1	o__Sphingomonadales (UID3310)	26	569	293	3	564	1	1	0	0	99.25	0.37	0.00
GCF_001021555.1_ASM102155v1	o__Sphingomonadales (UID3310)	26	569	293	3	564	1	1	0	0	99.25	0.37	0.00
GCF_001026905.1_ASM102690v1	c__Alphaproteobacteria (UID3305)	564	349	230	0	348	1	0	0	0	100.00	0.43	0.00
GCF_001028625.1_ASM102862v1	o__Sphingomonadales (UID3310)	26	569	293	3	562	2	2	0	0	99.48	0.62	12.50
GCF_001029505.1_ASM102950v1	p__Actinobacteria (UID1454)	732	196	114	3	191	2	0	0	0	97.81	1.75	0.00
GCF_001043175.1_ASM104317v1	c__Gammaproteobacteria (UID4444)	263	505	231	1	504	0	0	0	0	99.99	0.00	0.00
GCF_001185585.1_ASM118558v1	f__Vibrionaceae (UID4865)	80	922	367	12	901	9	0	0	0	98.16	1.12	44.44
GCF_001202025.1_ASM120202v1	f__Rhodobacteraceae (UID3340)	84	568	330	7	560	1	0	0	0	98.48	0.30	0.00
GCF_001202045.1_ASM120204v1	f__Rhodobacteraceae (UID3340)	84	568	330	2	565	1	0	0	0	99.55	0.08	0.00
GCF_001262635.1_ASM126263v1	f__Rhodobacteraceae (UID3360)	56	582	313	2	576	4	0	0	0	99.36	0.65	0.00
GCF_001266795.1_ASM126679v1	c__Gammaproteobacteria (UID4444)	263	506	232	0	504	2	0	0	0	100.00	0.46	0.00
GCF_001267625.1_ASM126762v1	f__Vibrionaceae (UID4865)	80	922	367	0	921	1	0	0	0	100.00	0.07	0.00
GCF_001268005.1_ASM126800v1	f__Vibrionaceae (UID4865)	80	922	367	0	918	4	0	0	0	100.00	0.35	0.00
GCF_001268015.1_ASM126801v1	f__Vibrionaceae (UID4865)	80	922	367	0	917	5	0	0	0	100.00	0.23	0.00
GCF_001273715.1_ASM127371v1	f__Vibrionaceae (UID4865)	80	922	367	0	918	4	0	0	0	100.00	0.46	0.00
GCF_001274805.1_ASM127480v1	f__Vibrionaceae (UID4865)	80	922	367	1	915	6	0	0	0	99.86	0.22	0.00
GCF_001282135.1_ASM128213v1	c__Gammaproteobacteria (UID4787)	26	752	296	1	748	1	2	0	0	99.89	0.96	28.57
GCF_001293025.1_ASM129302v1	g__Pseudomonas (UID4525)	39	1389	369	4	1369	14	2	0	0	99.61	1.95	5.00
GCF_001293185.1_ASM129318v1	f__Vibrionaceae (UID4865)	80	921	366	4	914	3	0	0	0	99.40	0.59	0.00
GCF_001293565.1_ASM129356v1	o__Rhizobiales (UID3449)	345	431	258	2	427	2	0	0	0	99.48	0.39	0.00
GCF_001306305.1_ASM130630v1	o__Sphingomonadales (UID3310)	26	569	293	2	567	0	0	0	0	99.59	0.00	0.00
GCF_001306765.1_ASM130676v1	c__Gammaproteobacteria (UID4444)	263	507	232	2	501	4	0	0	0	99.14	0.91	0.00
GCF_001306785.1_ASM130678v1	f__Vibrionaceae (UID4865)	80	922	367	1	899	22	0	0	0	99.91	1.63	0.00
GCF_001306825.1_ASM130682v1	f__Vibrionaceae (UID4865)	80	922	367	1	918	3	0	0	0	99.91	0.23	0.00
GCF_001306845.1_ASM130684v1	f__Vibrionaceae (UID4865)	80	922	367	1	919	2	0	0	0	99.98	0.28	0.00
GCF_001306875.1_ASM130687v1	f__Vibrionaceae (UID4865)	80	922	367	0	891	30	1	0	0	100.00	4.14	0.00
GCF_001308265.1_ASM130826v1	f__Rhodobacteraceae (UID3356)	67	616	330	3	612	1	0	0	0	99.24	0.30	0.00
GCF_001310575.2_ASM131057v2	f__Vibrionaceae (UID4865)	80	922	367	0	913	8	1	0	0	100.00	1.30	9.09
GCF_001441615.1_ASM144161v1	f__Rhodobacteraceae (UID3361)	46	654	332	3	646	5	0	0	0	99.45	1.36	0.00
GCF_001444405.1_ASM144440v1	c__Gammaproteobacteria (UID4787)	26	752	296	1	748	2	1	0	0	99.66	1.01	20.00
GCF_001461885.1_ASM146188v1	o__Sphingomonadales (UID3310)	26	569	293	3	562	2	1	0	1	99.48	0.85	40.00
GCF_001469735.1_ASM146973v1	f__Vibrionaceae (UID4865)	80	922	367	1	915	6	0	0	0	99.95	0.65	0.00
GCF_001469845.1_ASM146984v1	o__Sphingomonadales (UID3310)	26	569	293	3	564	2	0	0	0	99.48	0.37	0.00
GCF_001482495.1_ASM148249v1	g__Bacillus (UID902)	44	1171	324	3	1165	3	0	0	0	99.23	0.33	33.33
GCF_001506075.1_ASM150607v1	f__Vibrionaceae (UID4868)	77	946	363	35	885	25	0	1	0	95.01	2.88	9.68
GCF_001525595.2_ASM152559v2	f__Vibrionaceae (UID4865)	80	922	367	0	918	4	0	0	0	100.00	0.46	25.00
GCF_001542855.1_ASM154285v1	o__Sphingomonadales (UID3310)	26	569	293	4	561	4	0	0	0	99.14	0.97	0.00
GCF_001542875.1_ASM154287v1	o__Sphingomonadales (UID3310)	26	569	293	2	564	3	0	0	0	99.59	0.49	0.00
GCF_001558155.1_ASM155815v1	f__Rhodobacteraceae (UID3356)	67	617	330	0	607	9	1	0	0	100.00	1.97	0.00
GCF_001559785.1_ASM155978v1	f__Rhodobacteraceae (UID3375)	32	625	283	1	622	2	0	0	0	99.95	0.53	0.00
GCF_001579905.1_ASM157990v1	o__Rhizobiales (UID3642)	107	484	316	2	481	1	0	0	0	99.37	0.16	0.00
GCF_001583505.1_ASM158350v1	c__Gammaproteobacteria (UID4274)	112	581	290	1	575	5	0	0	0	99.94	0.63	0.00
GCF_001596805.1_ASM159680v1	c__Gammaproteobacteria (UID4444)	263	506	232	1	503	2	0	0	0	99.57	0.86	0.00
GCF_001601315.1_ASM160131v1	o__Rhodospirillales (UID3754)	63	336	201	1	334	1	0	0	0	99.50	0.25	0.00
GCF_001613785.1_ASM161378v1	o__Rhodospirillales (UID3754)	63	336	201	88	248	0	0	0	0	69.82	0.00	0.00
GCF_001613855.1_ASM161385v1	o__Rhodospirillales (UID3754)	63	336	201	0	336	0	0	0	0	100.00	0.00	0.00
GCF_001618185.1_ASM161818v1	o__Rhodospirillales (UID3754)	63	336	201	0	336	0	0	0	0	100.00	0.00	0.00
GCF_001623065.1_ASM162306v1	o__Rhizobiales (UID3642)	107	483	315	0	481	2	0	0	0	100.00	0.13	0.00
GCF_001623075.1_ASM162307v1	o__Rhizobiales (UID3642)	107	483	315	0	482	1	0	0	0	100.00	0.16	0.00
GCF_001623085.1_ASM162308v1	o__Rhizobiales (UID3642)	107	483	315	3	478	2	0	0	0	99.50	0.35	0.00
GCF_001623095.1_ASM162309v1	o__Rhizobiales (UID3642)	107	483	315	0	481	2	0	0	0	100.00	0.13	0.00
GCF_001623145.1_ASM162314v1	o__Rhizobiales (UID3642)	107	483	315	2	480	1	0	0	0	99.62	0.03	0.00
GCF_001623165.1_ASM162316v1	o__Rhizobiales (UID3642)	107	483	315	0	482	1	0	0	0	100.00	0.03	0.00
GCF_001623225.1_ASM162322v1	o__Rhizobiales (UID3642)	107	483	315	1	481	1	0	0	0	99.68	0.03	0.00
GCF_001623245.1_ASM162324v1	o__Rhizobiales (UID3642)	107	483	315	0	481	2	0	0	0	100.00	0.35	0.00
GCF_001623255.1_ASM162325v1	o__Rhizobiales (UID3642)	107	483	315	0	479	4	0	0	0	100.00	1.27	0.00
GCF_001623285.1_ASM162328v1	o__Rhizobiales (UID3642)	107	483	315	0	479	4	0	0	0	100.00	0.82	25.00
GCF_001624595.1_ASM162459v1	o__Oceanospirillales (UID4446)	43	529	233	2	522	5	0	0	0	99.57	1.80	0.00
GCF_001624695.1_ASM162469v1	o__Rhizobiales (UID3642)	107	484	316	0	481	3	0	0	0	100.00	0.74	0.00
GCF_001624705.1_ASM162470v1	o__Oceanospirillales (UID4446)	43	529	233	2	524	3	0	0	0	99.57	1.29	0.00
GCF_001625705.1_S4060-1_1.0	c__Gammaproteobacteria (UID4787)	26	752	296	0	747	4	1	0	0	100.00	0.53	0.00
GCF_001625715.1_S4047-1_1.0	c__Gammaproteobacteria (UID4787)	26	752	296	0	749	3	0	0	0	100.00	0.84	0.00
GCF_001633165.1_ASM163316v1	f__Rhodobacteraceae (UID3340)	84	568	330	3	561	4	0	0	0	99.29	0.91	0.00
GCF_001662835.1_ASM166283v1	o__Rhodospirillales (UID3754)	63	336	201	0	336	0	0	0	0	100.00	0.00	0.00
GCF_001662875.1_ASM166287v1	o__Rhodospirillales (UID3754)	63	336	201	0	336	0	0	0	0	100.00	0.00	0.00
GCF_001673765.1_ASM167376v1	f__Rhodobacteraceae (UID3356)	67	617	330	2	613	2	0	0	0	99.39	0.40	0.00
GCF_001676085.1_ASM167608v1	f__Vibrionaceae (UID4865)	80	921	366	11	904	5	1	0	0	97.76	0.72	0.00
GCF_001677335.1_ASM167733v1	o__Sphingomonadales (UID3310)	26	569	293	5	564	0	0	0	0	99.29	0.00	0.00
GCF_001680065.1_ASM168006v1	f__Vibrionaceae (UID4865)	80	922	367	0	904	17	1	0	0	100.00	2.29	5.00
GCF_001680085.1_ASM168008v1	f__Vibrionaceae (UID4865)	80	922	367	0	899	23	0	0	0	100.00	2.40	4.35
GCF_001681255.1_ASM168125v1	f__Rhodobacteraceae (UID3375)	32	625	283	2	620	3	0	0	0	99.47	0.65	0.00
GCF_001681265.1_ASM168126v1	f__Rhodobacteraceae (UID3375)	32	625	283	3	620	2	0	0	0	99.12	0.53	0.00
GCF_001681285.1_ASM168128v1	f__Rhodobacteraceae (UID3375)	32	625	283	2	621	2	0	0	0	99.47	0.35	0.00
GCF_001681305.1_ASM168130v1	f__Rhodobacteraceae (UID3375)	32	625	283	3	620	2	0	0	0	99.12	0.53	0.00
GCF_001681335.1_ASM168133v1	f__Rhodobacteraceae (UID3375)	32	625	283	2	621	2	0	0	0	99.47	0.35	0.00
GCF_001681355.1_ASM168135v1	f__Rhodobacteraceae (UID3375)	32	625	283	2	621	2	0	0	0	99.47	0.35	0.00
GCF_001681385.1_ASM168138v1	f__Rhodobacteraceae (UID3375)	32	625	283	2	621	2	0	0	0	99.47	0.35	0.00
GCF_001681405.1_ASM168140v1	f__Rhodobacteraceae (UID3375)	32	625	283	2	621	2	0	0	0	99.47	0.35	0.00
GCF_001681415.1_ASM168141v1	f__Rhodobacteraceae (UID3375)	32	625	283	2	621	2	0	0	0	99.47	0.35	0.00
GCF_001681445.1_ASM168144v1	f__Rhodobacteraceae (UID3375)	32	625	283	2	621	2	0	0	0	99.47	0.35	0.00
GCF_001681475.1_ASM168147v1	f__Rhodobacteraceae (UID3375)	32	625	283	2	621	2	0	0	0	99.47	0.35	0.00
GCF_001681485.1_ASM168148v1	f__Rhodobacteraceae (UID3375)	32	625	283	2	621	2	0	0	0	99.47	0.35	0.00
GCF_001681515.1_ASM168151v1	f__Rhodobacteraceae (UID3375)	32	625	283	2	621	2	0	0	0	99.47	0.35	0.00
GCF_001681525.1_ASM168152v1	f__Rhodobacteraceae (UID3375)	32	625	283	2	621	2	0	0	0	99.47	0.35	0.00
GCF_001681535.1_ASM168153v1	f__Rhodobacteraceae (UID3375)	32	625	283	2	621	2	0	0	0	99.47	0.35	0.00
GCF_001681595.1_ASM168159v1	f__Rhodobacteraceae (UID3375)	32	625	283	3	619	3	0	0	0	99.12	0.65	0.00
GCF_001681605.1_ASM168160v1	f__Rhodobacteraceae (UID3375)	32	625	283	2	620	3	0	0	0	99.47	0.65	0.00
GCF_001681635.1_ASM168163v1	f__Rhodobacteraceae (UID3375)	32	625	283	3	620	2	0	0	0	99.12	0.53	0.00
GCF_001681645.1_ASM168164v1	f__Rhodobacteraceae (UID3375)	32	625	283	2	620	3	0	0	0	99.47	0.65	0.00
GCF_001681735.1_ASM168173v1	f__Rhodobacteraceae (UID3375)	32	625	283	3	621	1	0	0	0	99.12	0.18	0.00
GCF_001681755.1_ASM168175v1	f__Rhodobacteraceae (UID3375)	32	625	283	3	620	2	0	0	0	99.12	0.53	0.00
GCF_001681765.1_ASM168176v1	f__Rhodobacteraceae (UID3375)	32	625	283	2	620	3	0	0	0	99.47	0.65	0.00
GCF_001681815.1_ASM168181v1	f__Rhodobacteraceae (UID3375)	32	625	283	2	620	3	0	0	0	99.47	0.71	0.00
GCF_001681875.1_ASM168187v1	f__Rhodobacteraceae (UID3375)	32	625	283	2	620	3	0	0	0	99.47	0.65	0.00
GCF_001681895.1_ASM168189v1	f__Rhodobacteraceae (UID3375)	32	625	283	2	620	3	0	0	0	99.47	0.65	0.00
GCF_001681905.1_ASM168190v1	f__Rhodobacteraceae (UID3375)	32	625	283	2	621	2	0	0	0	99.47	0.35	0.00
GCF_001681925.1_ASM168192v1	f__Rhodobacteraceae (UID3375)	32	625	283	2	620	3	0	0	0	99.47	0.47	33.33
GCF_001681955.1_ASM168195v1	f__Rhodobacteraceae (UID3375)	32	625	283	2	621	2	0	0	0	99.47	0.35	0.00
GCF_001681975.1_ASM168197v1	f__Rhodobacteraceae (UID3375)	32	625	283	2	621	2	0	0	0	99.47	0.35	0.00
GCF_001681995.1_ASM168199v1	f__Rhodobacteraceae (UID3375)	32	625	283	2	620	3	0	0	0	99.47	0.47	33.33
GCF_001682005.1_ASM168200v1	f__Rhodobacteraceae (UID3375)	32	625	283	2	621	2	0	0	0	99.47	0.35	0.00
GCF_001682035.1_ASM168203v1	f__Rhodobacteraceae (UID3375)	32	625	283	2	621	2	0	0	0	99.47	0.35	0.00
GCF_001682055.1_ASM168205v1	f__Rhodobacteraceae (UID3375)	32	625	283	2	620	3	0	0	0	99.47	0.65	0.00
GCF_001682075.1_ASM168207v1	f__Rhodobacteraceae (UID3375)	32	625	283	2	619	4	0	0	0	99.47	1.00	0.00
GCF_001683015.1_ASM168301v1	f__Rhodobacteraceae (UID3375)	32	625	283	2	620	3	0	0	0	99.47	0.65	0.00
GCF_001683035.1_ASM168303v1	f__Rhodobacteraceae (UID3375)	32	625	283	2	618	5	0	0	0	99.47	1.18	20.00
GCF_001692855.1_Thalassospira_sp_KO164_v1.1	o__Rhodospirillales (UID3754)	63	336	201	0	336	0	0	0	0	100.00	0.00	0.00
GCF_001696535.1_ASM169653v1	o__Rhizobiales (UID3642)	107	485	316	2	481	2	0	0	0	99.58	0.47	0.00
GCF_001696545.1_ASM169654v1	o__Rhizobiales (UID3642)	107	485	316	2	482	1	0	0	0	99.58	0.16	0.00
GCF_001696575.1_ASM169657v1	o__Rhizobiales (UID3450)	238	511	244	1	503	7	0	0	0	99.59	1.54	0.00
GCF_001707825.1_ASM170782v1	c__Gammaproteobacteria (UID4442)	899	312	185	0	306	6	0	0	0	100.00	2.16	0.00
GCF_001717765.1_ASM171776v1	c__Gammaproteobacteria (UID4444)	263	506	232	2	504	0	0	0	0	99.87	0.00	0.00
GCF_001719165.1_ASM171916v1	o__Sphingomonadales (UID3310)	26	569	293	3	561	5	0	0	0	99.25	0.94	40.00
GCF_001723285.1_ASM172328v1	o__Rhizobiales (UID3447)	356	416	249	17	397	2	0	0	0	94.38	0.20	0.00
GCF_001723295.1_ASM172329v1	o__Rhizobiales (UID3447)	356	416	249	66	342	8	0	0	0	81.87	1.79	37.50
GCF_001723305.1_ASM172330v1	o__Rhizobiales (UID3447)	356	413	248	22	388	3	0	0	0	93.45	0.60	0.00
GCF_001723355.1_ASM172335v1	o__Rhizobiales (UID3447)	356	416	249	14	401	1	0	0	0	95.81	0.10	0.00
GCF_001750185.1_ASM175018v1	c__Gammaproteobacteria (UID4787)	26	752	296	0	749	3	0	0	0	100.00	0.84	0.00
GCF_001854125.1_ASM185412v1	c__Gammaproteobacteria (UID4444)	263	506	232	0	503	3	0	0	0	100.00	0.52	33.33
GCF_001856665.1_ASM185666v1	f__Rhodobacteraceae (UID3340)	84	568	330	2	562	3	1	0	0	99.39	1.11	16.67
GCF_001870485.1_ASM187048v1	c__Gammaproteobacteria (UID4442)	899	312	185	1	308	3	0	0	0	99.46	0.90	0.00
GCF_001884025.1_ASM188402v1	g__Bacillus (UID902)	44	1171	324	5	1164	2	0	0	0	98.61	0.33	0.00
GCF_001884215.1_ASM188421v1	g__Bacillus (UID902)	44	1171	324	3	1167	1	0	0	0	99.23	0.31	0.00
GCF_001887055.1_ASM188705v1	f__Vibrionaceae (UID4865)	80	922	367	0	920	2	0	0	0	100.00	0.08	0.00
GCF_001887735.1_ASM188773v1	f__Rhodobacteraceae (UID3340)	84	568	330	2	566	0	0	0	0	99.39	0.00	0.00
GCF_001889605.1_ASM188960v1	o__Rhizobiales (UID3450)	238	513	244	1	505	6	1	0	0	99.59	1.15	11.11
GCF_001907205.1_ASM190720v1	o__Rhizobiales (UID3642)	107	483	315	2	480	1	0	0	0	99.37	0.03	0.00
GCF_001908835.1_ASM190883v1	f__Rhodobacteraceae (UID3356)	67	617	330	2	613	2	0	0	0	99.39	0.40	0.00
GCF_001913235.1_ASM191323v1	o__Pseudomonadales (UID4488)	185	813	308	0	811	2	0	0	0	100.00	0.22	0.00
GCF_001932055.1_ASM193205v1	o__Rhizobiales (UID3642)	107	484	316	2	479	3	0	0	0	99.37	0.58	0.00
GCF_001932535.1_ASM193253v1	c__Gammaproteobacteria (UID4444)	263	505	231	2	496	7	0	0	0	99.48	1.49	0.00
GCF_001969345.1_ASM196934v1	f__Rhodobacteraceae (UID3375)	32	625	283	7	617	1	0	0	0	99.05	0.18	0.00
GCF_001969365.1_ASM196936v1	f__Rhodobacteraceae (UID3360)	56	582	313	3	575	4	0	0	0	99.25	0.69	0.00
GCF_001975705.1_ASM197570v1	f__Rhodobacteraceae (UID3361)	46	654	332	2	640	12	0	0	0	99.60	1.66	0.00
GCF_001983425.1_ASM198342v1	o__Rhodospirillales (UID3754)	63	336	201	0	336	0	0	0	0	100.00	0.00	0.00
GCF_001995095.2_ASM199509v2	c__Gammaproteobacteria (UID4444)	263	506	232	0	489	17	0	0	0	100.00	3.58	23.53
GCF_002005305.1_ASM200530v1	o__Alteromonadales (UID4837)	30	868	324	4	856	6	2	0	0	99.47	1.34	0.00
GCF_002020135.1_ASM202013v1	f__Rhodobacteraceae (UID3340)	84	568	330	3	563	2	0	0	0	99.09	0.21	0.00
GCF_002020275.1_ASM202027v1	f__Rhodobacteraceae (UID3340)	84	568	330	3	563	2	0	0	0	99.09	0.21	0.00
GCF_002072925.1_NY3547	f__Vibrionaceae (UID4865)	80	922	367	0	917	5	0	0	0	100.00	0.27	0.00
GCF_002073095.1_ASM207309v1	f__Vibrionaceae (UID4865)	80	922	367	0	917	5	0	0	0	100.00	0.55	20.00
GCF_002073105.1_ASM207310v1	f__Vibrionaceae (UID4865)	80	922	367	0	918	4	0	0	0	100.00	0.15	25.00
GCF_002079305.1_ASM207930v1	f__Rhodobacteraceae (UID3340)	84	568	330	1	563	4	0	0	0	99.70	1.01	0.00
GCF_002085925.2_ASM208592v2	f__Rhodobacteraceae (UID3340)	84	568	330	2	565	1	0	0	0	99.39	0.15	0.00
GCF_002115725.1_ASM211572v1	f__Rhodobacteraceae (UID3361)	46	654	332	5	644	4	1	0	0	98.72	1.53	0.00
GCF_002115805.1_ASM211580v1	f__Rhodobacteraceae (UID3361)	46	654	332	4	649	0	1	0	0	98.80	0.30	0.00
GCF_002119405.1_ASM211940v1	f__Rhodobacteraceae (UID3340)	84	568	330	5	556	7	0	0	0	99.02	1.16	0.00
GCF_002148795.1_ASM214879v1	c__Alphaproteobacteria (UID3305)	564	349	230	1	345	3	0	0	0	99.57	1.09	0.00
GCF_002150885.1_ASM215088v1	f__Vibrionaceae (UID4865)	80	922	367	0	918	4	0	0	0	100.00	0.37	0.00
GCF_002157895.1_ASM215789v1	c__Gammaproteobacteria (UID4442)	899	312	185	2	310	0	0	0	0	99.79	0.00	0.00
GCF_002197985.1_ASM219798v1	c__Gammaproteobacteria (UID4444)	263	507	232	0	505	2	0	0	0	100.00	0.52	0.00
GCF_002211145.1_ASM221114v1	c__Alphaproteobacteria (UID3305)	564	349	230	0	348	1	0	0	0	100.00	0.43	0.00
GCF_002213105.1_ASM221310v1	c__Gammaproteobacteria (UID4444)	263	507	232	3	502	2	0	0	0	98.71	0.86	0.00
GCF_002215215.1_ASM221521v1	c__Gammaproteobacteria (UID4267)	119	544	284	21	496	21	2	3	1	95.25	7.79	0.00
GCF_002216165.1_ASM221616v1	c__Gammaproteobacteria (UID4444)	263	505	232	1	498	6	0	0	0	99.86	2.03	0.00
GCF_002237735.1_ASM223773v1	o__Bacillales (UID828)	139	508	174	2	501	5	0	0	0	99.33	1.01	0.00
GCF_002242685.1_ASM224268v1	c__Gammaproteobacteria (UID4442)	899	312	185	0	311	1	0	0	0	100.00	0.27	0.00
GCF_002245495.1_ASM224549v1	c__Gammaproteobacteria (UID4442)	899	312	185	0	311	1	0	0	0	100.00	0.09	0.00
GCF_002251635.1_ASM225163v1	g__Pseudomonas (UID4550)	78	1044	368	9	1014	21	0	0	0	98.27	1.71	9.52
GCF_002286655.1_ASM228665v1	g__Vibrio (UID4874)	71	1067	378	4	1054	9	0	0	0	99.27	0.62	0.00
GCF_002289345.1_ASM228934v1	c__Gammaproteobacteria (UID4787)	26	752	296	2	748	2	0	0	0	99.75	0.20	0.00
GCF_002290105.1_ASM229010v1	g__Bacillus (UID902)	44	1171	324	3	1165	3	0	0	0	99.23	0.47	0.00
GCF_002381365.1_ASM238136v1	f__Rhodobacteraceae (UID3375)	32	625	283	3	622	0	0	0	0	99.42	0.00	0.00
GCF_002381385.1_ASM238138v1	f__Rhodobacteraceae (UID3375)	32	625	283	3	622	0	0	0	0	99.42	0.00	0.00
GCF_002556635.1_ASM255663v1	o__Sphingomonadales (UID3310)	26	569	293	3	560	6	0	0	0	99.42	0.14	0.00
GCF_002608565.1_ASM260856v1	f__Vibrionaceae (UID4865)	80	922	367	4	914	4	0	0	0	99.18	0.85	0.00
GCF_002744735.1_ASM274473v1	c__Gammaproteobacteria (UID4444)	263	506	232	0	506	0	0	0	0	100.00	0.00	0.00
GCF_002795865.1_ASM279586v1	o__Sphingomonadales (UID3310)	26	569	293	2	566	1	0	0	0	99.82	0.07	0.00
GCF_002796765.1_ASM279676v1	f__Vibrionaceae (UID4868)	77	946	363	1	937	8	0	0	0	99.93	0.67	0.00
GCF_002844435.1_ASM284443v1	f__Rhodobacteraceae (UID3340)	84	568	330	1	563	4	0	0	0	99.70	0.83	50.00
GCF_002844445.1_ASM284444v1	f__Rhodobacteraceae (UID3340)	84	568	330	2	563	3	0	0	0	99.60	0.38	0.00
GCF_002849855.1_ASM284985v1	f__Vibrionaceae (UID4865)	80	922	367	4	915	2	1	0	0	99.05	0.19	0.00
GCF_002850255.1_ASM285025v1	c__Gammaproteobacteria (UID4787)	26	752	296	0	751	1	0	0	0	100.00	0.17	0.00
GCF_002850435.1_ASM285043v1	f__Rhodobacteraceae (UID3356)	67	617	330	1	611	5	0	0	0	99.70	0.59	0.00
GCF_002872475.1_ASM287247v1	f__Rhodocyclaceae (UID3972)	30	540	241	8	529	3	0	0	0	97.20	0.89	0.00
GCF_002879695.1_ASM287969v1	c__Gammaproteobacteria (UID4202)	67	481	276	0	479	2	0	0	0	100.00	0.41	0.00
GCF_002891685.1_ASM289168v1	f__Vibrionaceae (UID4865)	80	922	367	0	919	3	0	0	0	100.00	0.26	0.00
GCF_002892625.1_ASM289262v1	f__Vibrionaceae (UID4865)	80	922	367	1	918	3	0	0	0	99.86	0.10	0.00
GCF_002894965.1_ASM289496v1	f__Vibrionaceae (UID4865)	80	922	367	7	901	14	0	0	0	98.23	1.15	14.29
GCF_002895025.1_ASM289502v1	o__Sphingomonadales (UID3310)	26	569	293	2	562	5	0	0	0	99.86	0.89	0.00
GCF_002903365.1_ASM290336v1	f__Vibrionaceae (UID4865)	80	922	367	0	916	6	0	0	0	100.00	0.33	0.00
GCF_002906235.1_ASM290623v1	f__Vibrionaceae (UID4865)	80	922	367	11	901	10	0	0	0	98.65	1.26	20.00
GCF_002906715.1_ASM290671v1	o__Pseudomonadales (UID4488)	185	813	308	0	811	2	0	0	0	100.00	0.14	0.00
GCF_002906755.1_ASM290675v1	g__Pseudomonas (UID4525)	39	1389	369	4	1371	13	1	0	0	99.61	2.30	0.00
GCF_002906795.1_ASM290679v1	g__Pseudomonas (UID4525)	39	1389	369	5	1375	8	1	0	0	99.34	1.09	9.09
GCF_002906815.1_ASM290681v1	g__Pseudomonas (UID4525)	39	1389	369	4	1361	22	2	0	0	99.61	2.47	3.57
GCF_002906835.1_ASM290683v1	f__Pseudomonadaceae (UID4490)	183	845	321	2	837	6	0	0	0	99.87	1.08	16.67
GCF_002906855.1_ASM290685v1	f__Pseudomonadaceae (UID4490)	183	845	321	1	837	6	1	0	0	99.92	1.55	11.11
GCF_002929865.1_ASM292986v1	f__Vibrionaceae (UID4865)	80	922	367	0	917	5	0	0	0	100.00	0.94	0.00
GCF_002929885.1_ASM292988v1	f__Vibrionaceae (UID4865)	80	922	367	1	917	4	0	0	0	99.86	0.46	0.00
GCF_002929905.1_ASM292990v1	f__Vibrionaceae (UID4865)	80	922	367	1	920	1	0	0	0	99.73	0.03	0.00
GCF_002929925.1_ASM292992v1	f__Vibrionaceae (UID4865)	80	922	367	0	918	4	0	0	0	100.00	0.30	0.00
GCF_002929935.1_ASM292993v1	f__Vibrionaceae (UID4865)	80	922	367	0	919	3	0	0	0	100.00	0.26	0.00
GCF_002929945.1_ASM292994v1	f__Vibrionaceae (UID4865)	80	922	367	0	918	4	0	0	0	100.00	0.30	0.00
GCF_002929985.1_ASM292998v1	f__Vibrionaceae (UID4865)	80	922	367	0	918	4	0	0	0	100.00	0.33	0.00
GCF_002930005.1_ASM293000v1	f__Vibrionaceae (UID4865)	80	922	367	0	919	3	0	0	0	100.00	0.26	0.00
GCF_002930015.1_ASM293001v1	f__Vibrionaceae (UID4865)	80	922	367	0	919	3	0	0	0	100.00	0.26	0.00
GCF_002930045.1_ASM293004v1	f__Vibrionaceae (UID4865)	80	922	367	0	918	4	0	0	0	100.00	0.53	0.00
GCF_002933295.1_ASM293329v1	c__Gammaproteobacteria (UID4444)	263	506	232	0	505	1	0	0	0	100.00	0.22	100.00
GCF_002936955.1_ASM293695v1	c__Gammaproteobacteria (UID4442)	899	312	185	1	311	0	0	0	0	99.46	0.00	0.00
GCF_002953515.1_ASM295351v1	f__Vibrionaceae (UID4865)	80	922	367	2	918	1	1	0	0	99.73	0.24	25.00
GCF_002953535.1_ASM295353v1	f__Vibrionaceae (UID4865)	80	922	367	0	921	1	0	0	0	100.00	0.09	0.00
GCF_002954455.1_ASM295445v1	f__Vibrionaceae (UID4865)	80	921	366	11	905	4	1	0	0	97.81	0.69	0.00
GCF_002954505.1_ASM295450v1	f__Vibrionaceae (UID4865)	80	922	367	1	921	0	0	0	0	99.73	0.00	0.00
GCF_002954525.1_ASM295452v1	f__Vibrionaceae (UID4865)	80	922	367	0	916	6	0	0	0	100.00	0.89	0.00
GCF_002954555.1_ASM295455v1	g__Vibrio (UID4874)	71	1066	378	2	1059	5	0	0	0	99.80	0.52	0.00
GCF_002954615.1_ASM295461v1	f__Vibrionaceae (UID4865)	80	921	366	0	915	6	0	0	0	100.00	1.06	16.67
GCF_002954725.1_ASM295472v1	f__Vibrionaceae (UID4865)	80	921	366	14	903	4	0	0	0	97.65	0.31	0.00
GCF_002983865.1_ASM298386v1	f__Rhodobacteraceae (UID3360)	56	582	313	3	579	0	0	0	0	99.25	0.00	0.00
GCF_002993365.1_ASM299336v1	c__Gammaproteobacteria (UID4761)	52	693	297	1	688	4	0	0	0	99.89	0.61	0.00
GCF_003015025.1_ASM301502v1	o__Rhizobiales (UID3450)	238	513	244	2	501	8	2	0	0	99.88	2.11	0.00
GCF_003025415.1_ASM302541v1	f__Vibrionaceae (UID4865)	80	921	366	10	906	4	0	1	0	97.90	0.78	0.00
GCF_003025515.1_ASM302551v1	f__Vibrionaceae (UID4865)	80	922	367	6	902	14	0	0	0	98.91	2.40	7.14
GCF_003025555.1_ASM302555v1	f__Vibrionaceae (UID4865)	80	922	367	5	897	19	1	0	0	98.98	1.91	4.55
GCF_003025595.1_ASM302559v1	f__Vibrionaceae (UID4865)	80	922	367	5	906	11	0	0	0	98.84	1.06	0.00
GCF_003025625.1_ASM302562v1	f__Vibrionaceae (UID4865)	80	921	366	10	904	5	2	0	0	97.86	0.66	9.09
GCF_003026075.1_ASM302607v1	f__Vibrionaceae (UID4865)	80	921	366	0	918	3	0	0	0	100.00	0.37	0.00
GCF_003026095.1_ASM302609v1	f__Vibrionaceae (UID4865)	80	921	366	0	915	6	0	0	0	100.00	0.48	0.00
GCF_003026105.1_ASM302610v1	f__Vibrionaceae (UID4865)	80	921	366	0	919	2	0	0	0	100.00	0.10	0.00
GCF_003026135.1_ASM302613v1	f__Vibrionaceae (UID4865)	80	921	366	0	919	2	0	0	0	100.00	0.10	0.00
GCF_003026155.1_ASM302615v1	f__Vibrionaceae (UID4865)	80	921	366	0	919	2	0	0	0	100.00	0.10	0.00
GCF_003026165.1_ASM302616v1	f__Vibrionaceae (UID4865)	80	921	366	0	919	2	0	0	0	100.00	0.10	0.00
GCF_003026175.1_ASM302617v1	f__Vibrionaceae (UID4865)	80	921	366	0	917	4	0	0	0	100.00	0.46	0.00
GCF_003026215.1_ASM302621v1	f__Vibrionaceae (UID4865)	80	922	367	2	919	1	0	0	0	99.84	0.27	0.00
GCF_003026335.1_ASM302633v1	f__Vibrionaceae (UID4865)	80	921	366	2	914	4	1	0	0	99.73	0.40	0.00
GCF_003026365.1_ASM302636v1	f__Vibrionaceae (UID4865)	80	921	366	0	917	4	0	0	0	100.00	0.74	25.00
GCF_003026475.1_ASM302647v1	f__Vibrionaceae (UID4865)	80	922	367	6	899	16	1	0	0	99.11	2.07	26.32
GCF_003026515.1_ASM302651v1	f__Vibrionaceae (UID4865)	80	921	366	10	905	4	2	0	0	97.86	0.47	10.00
GCF_003026755.1_ASM302675v1	f__Vibrionaceae (UID4865)	80	921	366	0	918	3	0	0	0	100.00	0.37	0.00
GCF_003026855.1_ASM302685v1	f__Vibrionaceae (UID4865)	80	921	366	0	916	5	0	0	0	100.00	0.81	20.00
GCF_003028485.1_ASM302848v1	f__Rhodobacteraceae (UID3360)	56	582	313	2	579	1	0	0	0	99.36	0.32	0.00
GCF_003031675.1_ASM303167v1	g__Pseudomonas (UID4550)	78	1044	368	2	1037	5	0	0	0	99.84	0.53	0.00
GCF_003032495.1_ASM303249v1	c__Gammaproteobacteria (UID4444)	263	507	232	3	501	3	0	0	0	99.07	0.60	0.00
GCF_003047105.1_ASM304710v1	f__Rhodobacteraceae (UID3356)	67	616	330	9	603	4	0	0	0	98.03	0.45	0.00
GCF_003049725.1_ASM304972v1	c__Gammaproteobacteria (UID4442)	899	312	185	0	312	0	0	0	0	100.00	0.00	0.00
GCF_003056335.1_ASM305633v1	f__Rhodobacteraceae (UID3340)	84	568	330	3	565	0	0	0	0	99.09	0.00	0.00
GCF_003063355.1_ASM306335v1	o__Burkholderiales (UID4000)	193	427	214	2	423	0	2	0	0	99.81	0.99	50.00
GCF_003072065.1_ASM307206v1	f__Rhodobacteraceae (UID3356)	67	614	328	2	606	6	0	0	0	99.39	0.69	0.00
GCF_003072125.1_ASM307212v1	f__Rhodobacteraceae (UID3361)	46	654	332	4	647	3	0	0	0	99.37	0.33	0.00
GCF_003075035.1_ASM307503v1	c__Gammaproteobacteria (UID4442)	899	312	185	0	312	0	0	0	0	100.00	0.00	0.00
GCF_003075075.1_ASM307507v1	o__Rhizobiales (UID3642)	107	484	316	1	482	1	0	0	0	99.68	0.11	0.00
GCF_003097275.1_ASM309727v1	f__Rhodobacteraceae (UID3360)	56	582	313	2	580	0	0	0	0	99.57	0.00	0.00
GCF_003097295.1_ASM309729v1	f__Rhodobacteraceae (UID3356)	67	617	330	3	612	2	0	0	0	99.33	0.36	0.00
GCF_003122215.1_ASM312221v1	f__Rhodobacteraceae (UID3340)	84	568	330	5	555	8	0	0	0	98.99	1.57	0.00
GCF_003122245.1_ASM312224v1	f__Rhodobacteraceae (UID3361)	46	654	332	7	645	2	0	0	0	98.93	0.20	0.00
GCF_003122305.1_ASM312230v1	o__Pseudomonadales (UID4488)	185	812	307	0	809	3	0	0	0	100.00	0.23	0.00
GCF_003129605.1_ASM312960v1	c__Alphaproteobacteria (UID3422)	26	529	308	4	524	1	0	0	0	98.70	0.16	0.00
GCF_003149475.2_ASM314947v2	o__Rhizobiales (UID3449)	345	431	258	11	419	1	0	0	0	97.76	0.19	0.00
GCF_003172875.1_ASM317287v1	c__Gammaproteobacteria (UID4274)	112	581	290	11	558	11	1	0	0	97.66	3.10	0.00
GCF_003185875.1_ASM318587v1	o__Pseudomonadales (UID4488)	185	813	308	1	801	11	0	0	0	99.68	0.93	0.00
GCF_003258595.1_ASM325859v1	o__Rhizobiales (UID3642)	107	485	316	15	462	7	1	0	0	96.49	1.64	0.00
GCF_003263285.1_ASM326328v1	c__Alphaproteobacteria (UID3422)	26	529	308	3	519	7	0	0	0	99.19	1.22	0.00
GCF_003263295.1_ASM326329v1	c__Alphaproteobacteria (UID3422)	26	529	308	3	521	5	0	0	0	99.19	1.30	0.00
GCF_003263315.1_ASM326331v1	c__Alphaproteobacteria (UID3422)	26	529	308	0	518	11	0	0	0	100.00	1.42	0.00
GCF_003293715.1_ASM329371v1	o__Burkholderiales (UID4002)	107	574	251	1	570	3	0	0	0	99.95	0.60	0.00
GCF_003298795.1_ASM329879v1	c__Gammaproteobacteria (UID4444)	263	506	232	0	503	3	0	0	0	100.00	0.70	0.00
GCF_003313245.1_ASM331324v1	f__Rhodobacteraceae (UID3340)	84	568	330	2	565	1	0	0	0	99.39	0.30	0.00
GCF_003325475.1_ASM332547v1	c__Betaproteobacteria (UID3888)	323	387	234	3	379	5	0	0	0	99.04	0.88	60.00
GCF_003325495.1_ASM332549v1	c__Betaproteobacteria (UID3888)	323	387	234	3	380	4	0	0	0	99.04	0.88	50.00
GCF_003326595.1_ASM332659v1	o__Rhodospirillales (UID3754)	63	336	201	0	336	0	0	0	0	100.00	0.00	0.00
GCF_003326675.1_ASM332667v1	o__Rhodospirillales (UID3754)	63	336	201	0	335	1	0	0	0	100.00	0.25	0.00
GCF_003326695.1_ASM332669v1	o__Rhodospirillales (UID3754)	63	336	201	0	336	0	0	0	0	100.00	0.00	0.00
GCF_003326715.1_ASM332671v1	o__Rhodospirillales (UID3754)	63	336	201	0	336	0	0	0	0	100.00	0.00	0.00
GCF_003326755.1_ASM332675v1	o__Rhodospirillales (UID3754)	63	336	201	0	336	0	0	0	0	100.00	0.00	0.00
GCF_003326775.1_ASM332677v1	o__Rhodospirillales (UID3754)	63	336	201	1	335	0	0	0	0	99.97	0.00	0.00
GCF_003326795.1_ASM332679v1	o__Rhodospirillales (UID3754)	63	336	201	0	336	0	0	0	0	100.00	0.00	0.00
GCF_003326805.1_ASM332680v1	o__Rhodospirillales (UID3754)	63	336	201	0	336	0	0	0	0	100.00	0.00	0.00
GCF_003336705.1_ASM333670v1	c__Gammaproteobacteria (UID4444)	263	507	232	0	506	1	0	0	0	100.00	0.22	0.00
GCF_003340475.1_ASM334047v1	o__Sphingomonadales (UID3310)	26	569	293	3	558	8	0	0	0	99.25	1.71	87.50
GCF_003344045.1_ASM334404v1	c__Gammaproteobacteria (UID4444)	263	506	232	1	504	1	0	0	0	99.89	0.07	0.00
GCF_003344885.1_ASM334488v1	o__Sphingomonadales (UID3310)	26	569	293	5	563	1	0	0	0	98.79	0.17	0.00
GCF_003345655.1_ASM334565v1	o__Oceanospirillales (UID4446)	43	529	233	5	518	6	0	0	0	98.63	1.01	0.00
GCF_003355455.1_ASM335545v1	o__Sphingomonadales (UID3310)	26	569	293	5	549	15	0	0	0	99.09	3.35	0.00
GCF_003399445.1_ASM339944v1	c__Alphaproteobacteria (UID3337)	468	388	250	10	377	1	0	0	0	97.03	0.40	0.00
GCF_003403095.1_ASM340309v1	o__Rhodospirillales (UID3754)	63	336	201	0	336	0	0	0	0	100.00	0.00	0.00
GCF_003443775.1_ASM344377v1	f__Vibrionaceae (UID4865)	80	922	367	0	903	17	2	0	0	100.00	2.02	8.70
GCF_003444655.1_ASM344465v1	o__Sphingomonadales (UID3310)	26	569	293	8	488	70	3	0	0	98.40	12.80	2.53
GCF_003568865.1_ASM356886v1	p__Actinobacteria (UID1454)	732	196	114	3	192	1	0	0	0	98.39	0.88	0.00
GCF_003570715.1_ASM357071v1	f__Rhodobacteraceae (UID3340)	84	568	330	1	567	0	0	0	0	99.70	0.00	0.00
GCF_003575965.1_ASM357596v1	f__Rhodobacteraceae (UID3361)	46	654	332	5	645	4	0	0	0	98.49	0.56	0.00
GCF_003576205.1_ASM357620v1	o__Burkholderiales (UID4000)	193	427	214	1	417	9	0	0	0	99.53	2.86	77.78
GCF_003576265.1_ASM357626v1	g__Pseudomonas (UID4550)	78	1043	368	1	1039	3	0	0	0	99.93	0.21	0.00
GCF_003584965.1_ASM358496v1	f__Vibrionaceae (UID4865)	80	922	367	2	916	4	0	0	0	99.46	0.85	0.00
GCF_003590145.2_ASM359014v2	f__Rhodobacteraceae (UID3361)	46	654	332	5	647	2	0	0	0	98.49	0.11	0.00
GCF_003594815.1_ASM359481v1	f__Rhodobacteraceae (UID3340)	84	568	330	4	562	2	0	0	0	98.79	0.61	0.00
GCF_003605645.1_ASM360564v1	g__Vibrio (UID4874)	71	1067	378	2	1048	15	2	0	0	99.87	1.82	4.76
GCF_003646465.1_ASM364646v1	f__Rhodobacteraceae (UID3360)	56	582	313	2	579	1	0	0	0	99.57	0.16	0.00
GCF_003671915.1_ASM367191v1	c__Betaproteobacteria (UID3959)	235	419	211	0	419	0	0	0	0	100.00	0.00	0.00
GCF_003726935.1_ASM372693v1	f__Vibrionaceae (UID4868)	77	946	363	1	931	13	1	0	0	99.91	2.16	0.00
GCF_003730275.1_ASM373027v1	c__Alphaproteobacteria (UID3422)	26	529	308	1	528	0	0	0	0	99.68	0.00	0.00
GCF_003730315.1_ASM373031v1	o__Sphingomonadales (UID3310)	26	569	293	4	563	2	0	0	0	99.22	0.22	0.00
GCF_003789015.1_ASM378901v1	o__Sphingomonadales (UID3310)	26	569	293	4	560	5	0	0	0	99.08	1.04	0.00
GCF_003797905.1_ASM379790v1	c__Gammaproteobacteria (UID4444)	263	507	232	1	502	4	0	0	0	99.86	0.63	0.00
GCF_003797945.1_ASM379794v1	c__Gammaproteobacteria (UID4444)	263	507	232	1	502	4	0	0	0	99.86	0.63	0.00
GCF_003856525.1_ASM385652v1	f__Vibrionaceae (UID4868)	77	946	363	28	885	30	3	0	0	94.79	3.27	0.00
GCF_003858655.1_ASM385865v1	o__Oceanospirillales (UID4446)	43	529	233	1	524	4	0	0	0	99.57	0.43	0.00
GCF_003944755.1_ASM394475v1	f__Rhodobacteraceae (UID3340)	84	568	330	6	560	2	0	0	0	98.89	0.45	0.00
GCF_003970385.1_ASM397038v1	g__Vibrio (UID4874)	71	1067	378	2	1058	7	0	0	0	99.60	0.69	0.00
GCF_003970735.1_ASM397073v1	f__Rhodobacteraceae (UID3356)	67	617	330	6	608	3	0	0	0	98.64	0.26	0.00
GCF_003990445.1_ASM399044v1	f__Rhodobacteraceae (UID3340)	84	568	330	4	559	5	0	0	0	99.29	0.95	0.00
GCF_003990645.1_ASM399064v1	f__Rhodobacteraceae (UID3360)	56	582	313	4	571	7	0	0	0	98.94	0.90	0.00
GCF_003991405.1_ASM399140v1	f__Rhodobacteraceae (UID3340)	84	568	330	0	567	1	0	0	0	100.00	0.15	0.00
GCF_003994855.1_ASM399485v1	c__Gammaproteobacteria (UID4444)	263	506	232	1	501	4	0	0	0	99.57	0.50	75.00
GCF_004014715.1_ASM401471v1	c__Gammaproteobacteria (UID4787)	26	752	296	7	741	4	0	0	0	98.51	0.90	0.00
GCF_004025275.1_ASM402527v1	c__Gammaproteobacteria (UID4202)	67	481	276	10	469	2	0	0	0	97.50	0.20	0.00
GCF_004103265.1_ASM410326v1	c__Gammaproteobacteria (UID4787)	26	752	296	25	717	9	1	0	0	96.40	2.32	58.33
GCF_004104355.1_ASM410435v1	f__Vibrionaceae (UID4865)	80	922	367	6	889	27	0	0	0	99.25	2.91	14.81
GCF_004194515.1_ASM419451v1	f__Vibrionaceae (UID4865)	80	922	367	0	922	0	0	0	0	100.00	0.00	0.00
GCF_004214845.1_ASM421484v1	c__Gammaproteobacteria (UID4787)	26	752	296	0	745	6	1	0	0	100.00	1.05	0.00
GCF_004283075.1_ASM428307v1	f__Vibrionaceae (UID4865)	80	922	367	0	921	1	0	0	0	100.00	0.04	0.00
GCF_004310345.1_ASM431034v1	f__Rhodobacteraceae (UID3340)	84	568	330	5	560	3	0	0	0	98.69	0.56	0.00
GCF_004310385.1_ASM431038v1	f__Rhodobacteraceae (UID3340)	84	568	330	5	563	0	0	0	0	98.48	0.00	0.00
GCF_004347715.1_ASM434771v1	c__Gammaproteobacteria (UID4444)	263	507	232	3	495	9	0	0	0	99.28	2.27	0.00
GCF_004349325.1_ASM434932v1	f__Vibrionaceae (UID4865)	80	922	367	0	917	5	0	0	0	100.00	0.61	0.00
GCF_004349375.1_ASM434937v1	f__Vibrionaceae (UID4865)	80	922	367	0	920	2	0	0	0	100.00	0.36	0.00
GCF_004349575.1_ASM434957v1	f__Rhodobacteraceae (UID3360)	56	582	313	2	580	0	0	0	0	99.36	0.00	0.00
GCF_004357985.1_ASM435798v1	f__Xanthomonadaceae (UID4214)	55	659	290	3	650	6	0	0	0	99.54	1.32	0.00
GCF_004358185.1_ASM435818v1	f__Rhodobacteraceae (UID3360)	56	582	313	2	578	2	0	0	0	99.57	0.43	0.00
GCF_004358695.1_ASM435869v1	f__Rhodobacteraceae (UID3356)	67	617	330	4	606	7	0	0	0	99.39	0.86	0.00
GCF_004360145.1_ASM436014v1	f__Rhodobacteraceae (UID3356)	67	616	330	2	612	2	0	0	0	99.39	0.61	0.00
GCF_004522175.1_ASM452217v1	f__Rhodobacteraceae (UID3340)	84	568	330	3	565	0	0	0	0	99.52	0.00	0.00
GCF_004551525.1_ASM455152v1	g__Vibrio (UID4874)	71	1067	378	1	1057	8	1	0	0	99.74	0.75	0.00
GCF_004634455.1_ASM463445v1	g__Bacillus (UID902)	44	1171	324	5	1162	4	0	0	0	99.07	0.81	0.00
GCF_004751985.1_ASM475198v1	f__Rhodobacteraceae (UID3356)	67	617	330	5	601	11	0	0	0	99.40	2.42	0.00
GCF_004761875.1_ASM476187v1	f__Rhodobacteraceae (UID3361)	46	654	332	6	640	8	0	0	0	99.03	1.61	0.00
GCF_004792665.1_ASM479266v1	c__Gammaproteobacteria (UID4444)	263	506	232	21	480	5	0	0	0	99.14	0.44	0.00
GCF_004793635.1_ASM479363v1	c__Alphaproteobacteria (UID3422)	26	529	308	2	518	9	0	0	0	99.51	1.12	88.89
GCF_004793685.1_ASM479368v1	c__Alphaproteobacteria (UID3422)	26	529	308	2	525	2	0	0	0	99.51	0.49	100.00
GCF_004798935.1_ASM479893v1	c__Gammaproteobacteria (UID4761)	52	693	297	5	684	4	0	0	0	99.40	0.59	0.00
GCF_004803475.1_ASM480347v1	f__Rhodobacteraceae (UID3360)	56	582	313	1	581	0	0	0	0	99.68	0.00	0.00
GCF_004919555.1_ASM491955v1	o__Pseudomonadales (UID4488)	185	813	308	0	809	4	0	0	0	100.00	0.25	0.00
GCF_004919565.1_ASM491956v1	o__Pseudomonadales (UID4488)	185	813	308	0	811	2	0	0	0	100.00	0.22	0.00
GCF_004919585.1_ASM491958v1	o__Pseudomonadales (UID4488)	185	813	308	0	811	2	0	0	0	100.00	0.22	0.00
GCF_005096335.1_ASM509633v1	f__Rhodobacteraceae (UID3340)	84	568	330	11	546	11	0	0	0	97.91	2.22	18.18
GCF_005218165.1_ASM521816v1	c__Gammaproteobacteria (UID4444)	263	506	232	1	503	2	0	0	0	99.57	0.57	50.00
GCF_005222225.1_ASM522222v1	c__Gammaproteobacteria (UID4761)	52	693	297	1	686	6	0	0	0	99.92	1.33	0.00
GCF_005239365.1_ASM523936v1	f__Vibrionaceae (UID4865)	80	922	367	8	899	15	0	0	0	99.18	0.36	80.00
GCF_005281815.1_ASM528181v1	g__Vibrio (UID4874)	71	1066	378	3	1055	8	0	0	0	99.54	0.76	0.00
GCF_005281835.1_ASM528183v1	g__Vibrio (UID4874)	71	1067	378	2	1056	9	0	0	0	99.80	0.88	0.00
GCF_005298175.1_ASM529817v1	c__Gammaproteobacteria (UID4444)	263	506	232	0	505	1	0	0	0	100.00	0.07	0.00
GCF_005434965.1_ASM543496v1	f__Rhodobacteraceae (UID3361)	46	654	332	5	647	2	0	0	0	98.90	0.45	0.00
GCF_005434975.1_ASM543497v1	o__Sphingomonadales (UID3310)	26	569	293	2	564	3	0	0	0	99.59	0.56	0.00
GCF_005518135.1_ASM551813v1	f__Rhodobacteraceae (UID3360)	56	582	313	2	578	2	0	0	0	99.36	0.64	0.00
GCF_005771405.1_ASM577140v1	f__Rhodobacteraceae (UID3360)	56	582	313	1	573	8	0	0	0	99.68	0.31	0.00
GCF_005771485.1_ASM577148v1	o__Rhizobiales (UID3447)	356	416	249	3	412	1	0	0	0	99.20	0.20	0.00
GCF_005849285.1_ASM584928v1	c__Alphaproteobacteria (UID3305)	564	349	230	1	346	2	0	0	0	99.94	0.87	0.00
GCF_005886345.1_ASM588634v1	c__Gammaproteobacteria (UID4787)	26	752	296	0	748	4	0	0	0	100.00	0.79	0.00
GCF_005886875.1_ASM588687v1	c__Gammaproteobacteria (UID4787)	26	752	296	0	749	3	0	0	0	100.00	0.37	0.00
GCF_005887275.1_ASM588727v1	c__Gammaproteobacteria (UID4787)	26	752	296	0	728	23	1	0	0	100.00	3.01	19.23
GCF_005887285.1_ASM588728v1	c__Gammaproteobacteria (UID4787)	26	752	296	0	748	4	0	0	0	100.00	0.74	50.00
GCF_005887355.1_ASM588735v1	c__Gammaproteobacteria (UID4787)	26	752	296	0	746	6	0	0	0	100.00	0.97	0.00
GCF_005938215.1_ASM593821v1	f__Rhodobacteraceae (UID3360)	56	582	313	2	578	2	0	0	0	99.57	0.48	0.00
GCF_005938225.1_ASM593822v1	f__Rhodobacteraceae (UID3360)	56	582	313	1	578	3	0	0	0	99.68	0.26	0.00
GCF_005954665.1_ASM595466v1	f__Xanthomonadaceae (UID4214)	55	659	290	20	632	6	1	0	0	96.86	1.32	0.00
GCF_006064855.1_ASM606485v1	f__Rhodobacteraceae (UID3360)	56	582	313	2	579	1	0	0	0	99.36	0.32	0.00
GCF_006125015.1_ASM612501v1	f__Rhodobacteraceae (UID3361)	46	654	332	8	641	4	1	0	0	99.15	1.28	14.29
GCF_006151785.1_ASM615178v1	f__Rhodobacteraceae (UID3340)	84	568	330	2	559	7	0	0	0	99.39	1.26	14.29
GCF_006363825.1_ASM636382v1	f__Rhodobacteraceae (UID3356)	67	617	330	1	615	1	0	0	0	99.92	0.10	0.00
GCF_006385135.1_ASM638513v1	c__Alphaproteobacteria (UID3305)	564	349	230	2	347	0	0	0	0	99.50	0.00	0.00
GCF_006385175.1_ASM638517v1	c__Alphaproteobacteria (UID3305)	564	349	230	3	344	2	0	0	0	99.07	0.65	0.00
GCF_006385875.1_ASM638587v1	c__Alphaproteobacteria (UID3305)	564	349	230	0	347	2	0	0	0	100.00	0.87	50.00
GCF_006517275.1_ASM651727v1	o__Rhizobiales (UID3642)	107	484	316	0	483	1	0	0	0	100.00	0.32	0.00
GCF_006546735.2_ASM654673v2	f__Xanthomonadaceae (UID4214)	55	659	290	3	644	12	0	0	0	99.41	1.65	0.00
GCF_006802095.1_ASM680209v1	o__Pseudomonadales (UID4488)	185	813	308	42	730	40	0	1	0	95.13	6.88	97.83
GCF_007004065.1_ASM700406v1	f__Rhodobacteraceae (UID3356)	67	617	330	3	612	2	0	0	0	99.24	0.61	50.00
GCF_007004095.1_ASM700409v1	o__Sphingomonadales (UID3310)	26	569	293	3	564	2	0	0	0	99.48	0.34	0.00
GCF_007004655.1_ASM700465v1	c__Gammaproteobacteria (UID4444)	263	507	232	0	500	5	2	0	0	100.00	1.52	0.00
GCF_007018965.1_ASM701896v1	f__Rhodobacteraceae (UID3340)	84	568	330	4	563	1	0	0	0	98.99	0.15	0.00
GCF_007050995.1_ASM705099v1	c__Alphaproteobacteria (UID3422)	26	529	308	1	517	10	1	0	0	99.84	1.87	0.00
GCF_007197555.1_ASM719755v1	o__Alteromonadales (UID4837)	30	868	324	8	852	6	2	0	0	99.40	0.56	0.00
GCF_007558815.1_ASM755881v1	p__Proteobacteria (UID3887)	1487	261	164	1	259	1	0	0	0	99.39	0.61	0.00
GCF_007559285.1_ASM755928v1	c__Gammaproteobacteria (UID4444)	263	506	232	1	504	1	0	0	0	99.89	0.07	0.00
GCF_007570825.1_ASM757082v1	c__Gammaproteobacteria (UID4442)	899	312	185	0	308	3	1	0	0	100.00	0.56	16.67
GCF_007671675.1_ASM767167v1	c__Gammaproteobacteria (UID4444)	263	507	232	0	504	3	0	0	0	100.00	0.41	0.00
GCF_007859325.1_ASM785932v1	f__Xanthomonadaceae (UID4214)	55	659	290	1	654	4	0	0	0	99.95	1.03	50.00
GCF_007954275.1_ASM795427v1	c__Gammaproteobacteria (UID4761)	52	693	297	0	685	7	1	0	0	100.00	1.94	0.00
GCF_007993065.1_ASM799306v1	f__Rhodobacteraceae (UID3340)	84	568	330	9	558	1	0	0	0	97.73	0.15	0.00
GCF_007995245.1_ASM799524v1	f__Rhodobacteraceae (UID3360)	56	582	313	2	569	11	0	0	0	99.57	1.47	0.00
GCF_008039225.1_ASM803922v1	f__Vibrionaceae (UID4865)	80	922	367	0	920	2	0	0	0	100.00	0.33	0.00
GCF_008039905.1_ASM803990v1	f__Vibrionaceae (UID4865)	80	922	367	0	921	1	0	0	0	100.00	0.03	0.00
GCF_008041975.1_ASM804197v1	g__Bacillus (UID902)	44	1171	324	6	1161	4	0	0	0	98.87	0.57	0.00
GCF_008630015.1_ASM863001v1	o__Rhodospirillales (UID3754)	63	336	201	0	333	3	0	0	0	100.00	0.53	0.00
GCF_008632335.1_ASM863233v1	c__Gammaproteobacteria (UID4274)	112	581	290	2	573	5	1	0	0	99.77	1.15	12.50
GCF_008801285.1_ASM880128v1	g__Vibrio (UID4874)	71	1066	378	1	1058	7	0	0	0	99.87	1.02	14.29
GCF_008921745.1_ASM892174v1	f__Vibrionaceae (UID4865)	80	922	367	1	919	2	0	0	0	99.93	0.28	0.00
GCF_008930655.1_ASM893065v1	f__Rhodobacteraceae (UID3361)	46	654	332	2	648	4	0	0	0	99.60	0.90	0.00
GCF_009184745.1_ASM918474v1	f__Vibrionaceae (UID4865)	80	922	367	0	918	4	0	0	0	100.00	0.58	0.00
GCF_009193265.1_ASM919326v1	c__Gammaproteobacteria (UID4444)	263	507	232	1	504	2	0	0	0	99.78	0.52	0.00
GCF_009296265.1_ASM929626v1	f__Rhodobacteraceae (UID3340)	84	568	330	3	563	2	0	0	0	99.24	0.45	0.00
GCF_009496005.1_ASM949600v1	f__Rhodobacteraceae (UID3375)	32	625	283	1	615	7	1	1	0	99.82	2.27	0.00
GCF_009617595.1_ASM961759v1	f__Rhodobacteraceae (UID3375)	32	625	283	12	609	4	0	0	0	97.87	0.80	0.00
GCF_009649175.1_ASM964917v1	c__Alphaproteobacteria (UID3337)	468	388	250	0	386	2	0	0	0	100.00	0.60	0.00
GCF_009650625.1_ASM965062v1	c__Gammaproteobacteria (UID4444)	263	507	232	1	501	5	0	0	0	99.78	0.42	0.00
GCF_009660035.1_ASM966003v1	c__Gammaproteobacteria (UID4444)	263	506	232	0	504	2	0	0	0	100.00	0.86	0.00
GCF_009711355.1_ASM971135v1	k__Bacteria (UID203)	5449	104	58	1	2	99	2	0	0	98.28	101.03	1.90
GCF_009711505.1_ASM971150v1	o__Rhizobiales (UID3642)	107	484	316	5	476	3	0	0	0	98.58	0.37	0.00
GCF_009742725.1_ASM974272v1	o__Rhizobiales (UID3450)	238	513	244	2	506	5	0	0	0	99.88	1.26	0.00
GCF_009758215.1_ASM975821v1	f__Vibrionaceae (UID4865)	80	922	367	0	921	1	0	0	0	100.00	0.05	0.00
GCF_009765275.1_ASM976527v1	f__Rhodobacteraceae (UID3360)	56	582	313	4	575	3	0	0	0	98.94	0.59	0.00
GCF_009796845.1_ASM979684v1	c__Gammaproteobacteria (UID4444)	263	507	232	2	503	2	0	0	0	99.14	0.52	0.00
GCF_009833495.1_ASM983349v1	c__Alphaproteobacteria (UID3337)	468	388	250	0	387	1	0	0	0	100.00	0.40	0.00
GCF_009859285.1_ASM985928v1	f__Vibrionaceae (UID4865)	80	922	367	0	920	2	0	0	0	100.00	0.19	0.00
GCF_009859305.1_ASM985930v1	f__Vibrionaceae (UID4865)	80	922	367	0	922	0	0	0	0	100.00	0.00	0.00
GCF_009859325.1_ASM985932v1	f__Vibrionaceae (UID4865)	80	922	367	0	920	2	0	0	0	100.00	0.19	0.00
GCF_009882915.1_ASM988291v1	c__Alphaproteobacteria (UID3305)	564	349	230	0	346	3	0	0	0	100.00	1.09	0.00
GCF_009882935.1_ASM988293v1	c__Alphaproteobacteria (UID3305)	564	349	230	0	345	4	0	0	0	100.00	1.30	50.00
GCF_009882975.1_ASM988297v1	f__Rhodobacteraceae (UID3356)	67	616	330	1	606	9	0	0	0	99.70	1.13	0.00
GCF_009906155.1_ASM990615v1	g__Vibrio (UID4874)	71	1066	378	2	1059	5	0	0	0	99.82	0.69	0.00
GCF_009906235.1_ASM990623v1	g__Vibrio (UID4874)	71	1066	378	14	1043	9	0	0	0	97.22	0.84	0.00
GCF_009910675.1_ASM991067v1	k__Bacteria (UID203)	5449	103	57	0	85	17	1	0	0	100.00	3.60	0.00
GCF_010587385.1_ASM1058738v1	g__Vibrio (UID4874)	71	1067	378	17	1022	28	0	0	0	98.21	3.24	0.00
GCF_010667575.1_ASM1066757v1	f__Rhodobacteraceae (UID3360)	56	582	313	1	581	0	0	0	0	99.68	0.00	0.00
GCF_011045095.1_ASM1104509v1	c__Gammaproteobacteria (UID4442)	899	312	185	0	310	2	0	0	0	100.00	0.13	0.00
GCF_011212705.1_ASM1121270v1	g__Vibrio (UID4874)	71	1067	378	4	1053	10	0	0	0	99.27	0.65	0.00
GCF_011308835.1_ASM1130883v1	f__Rhodobacteraceae (UID3340)	84	568	330	6	561	1	0	0	0	98.18	0.15	0.00
GCF_011326755.1_ASM1132675v1	f__Rhodobacteraceae (UID3356)	67	617	330	1	615	1	0	0	0	99.70	0.30	0.00
GCF_011398715.1_ASM1139871v1	c__Gammaproteobacteria (UID4444)	263	506	232	0	505	1	0	0	0	100.00	0.43	0.00
GCF_011440455.1_ASM1144045v1	f__Vibrionaceae (UID4868)	77	946	363	1	938	7	0	0	0	99.93	0.62	0.00
GCF_011492945.1_ASM1149294v1	p__Actinobacteria (UID1454)	732	196	114	3	189	4	0	0	0	98.25	2.11	0.00
GCF_011492965.1_ASM1149296v1	p__Actinobacteria (UID1454)	732	196	114	8	183	5	0	0	0	95.34	2.63	20.00
GCF_011683915.1_ASM1168391v1	c__Alphaproteobacteria (UID3305)	564	349	230	2	341	6	0	0	0	99.13	2.17	0.00
GCF_011683955.1_ASM1168395v1	c__Gammaproteobacteria (UID4444)	263	507	232	0	498	7	1	0	1	100.00	2.62	0.00
GCF_011742065.1_ASM1174206v1	o__Burkholderiales (UID4000)	193	427	214	14	335	41	33	4	0	97.23	33.34	93.90
GCF_011813015.1_ASM1181301v1	f__Rhodobacteraceae (UID3360)	56	582	313	1	571	10	0	0	0	99.89	0.36	0.00
GCF_012273645.1_ASM1227364v1	g__Pseudomonas (UID4550)	78	1044	368	2	1035	7	0	0	0	99.80	0.78	0.00
GCF_012273665.1_ASM1227366v1	g__Pseudomonas (UID4550)	78	1044	368	2	1035	7	0	0	0	99.80	0.78	0.00
GCF_012273675.1_ASM1227367v1	g__Pseudomonas (UID4550)	78	1044	368	2	1035	7	0	0	0	99.80	0.78	0.00
GCF_012276755.1_Mbh	c__Gammaproteobacteria (UID4274)	112	581	290	4	576	1	0	0	0	99.43	0.06	0.00
GCF_012395805.1_ASM1239580v1	o__Rhizobiales (UID3642)	107	484	316	1	481	2	0	0	0	99.68	0.47	0.00
GCF_012395815.1_ASM1239581v1	f__Rhodobacteraceae (UID3356)	67	617	330	6	611	0	0	0	0	98.38	0.00	0.00
GCF_012641465.1_ASM1264146v1	f__Vibrionaceae (UID4865)	80	922	367	10	908	4	0	0	0	98.84	0.73	0.00
GCF_012641745.1_ASM1264174v1	c__Gammaproteobacteria (UID4787)	26	752	296	0	742	9	1	0	0	100.00	1.51	0.00
GCF_012720095.1_ASM1272009v1	c__Alphaproteobacteria (UID3305)	564	349	230	0	345	4	0	0	0	100.00	1.30	0.00
GCF_012911015.1_ASM1291101v1	o__Rhizobiales (UID3450)	238	513	244	4	506	3	0	0	0	99.39	0.51	0.00
GCF_012932215.1_ASM1293221v1	f__Rhodobacteraceae (UID3360)	56	582	313	3	577	2	0	0	0	99.25	0.48	0.00
GCF_013004065.1_ASM1300406v1	c__Betaproteobacteria (UID3888)	323	387	234	3	383	1	0	0	0	99.00	0.03	0.00
GCF_013112375.1_ASM1311237v1	g__Bacillus (UID902)	44	1171	324	4	1166	1	0	0	0	99.07	0.31	0.00
GCF_013113835.1_ASM1311383v1	g__Vibrio (UID4874)	71	1067	378	5	1054	8	0	0	0	99.23	0.86	0.00
GCF_013114295.1_ASM1311429v1	f__Vibrionaceae (UID4865)	80	922	367	0	915	7	0	0	0	100.00	1.30	0.00
GCF_013114395.1_ASM1311439v1	g__Vibrio (UID4874)	71	1067	378	0	1057	10	0	0	0	100.00	0.78	0.00
GCF_013114585.1_ASM1311458v1	g__Vibrio (UID4874)	71	1066	378	2	1058	6	0	0	0	99.80	0.88	0.00
GCF_013155465.1_ASM1315546v1	f__Rhodobacteraceae (UID3356)	67	617	330	5	607	4	1	0	0	99.17	0.61	14.29
GCF_013266695.1_ASM1326669v1	o__Rhizobiales (UID3642)	107	485	316	2	482	1	0	0	0	99.37	0.32	0.00
GCF_013282875.1_ASM1328287v1	o__Oceanospirillales (UID4446)	43	529	233	6	520	3	0	0	0	97.93	0.43	100.00
GCF_013282925.1_ASM1328292v1	o__Oceanospirillales (UID4446)	43	529	233	6	522	1	0	0	0	97.93	0.43	0.00
GCF_013282935.1_ASM1328293v1	o__Oceanospirillales (UID4446)	43	529	233	7	522	0	0	0	0	97.50	0.00	0.00
GCF_013282965.1_ASM1328296v1	o__Oceanospirillales (UID4446)	43	529	233	6	523	0	0	0	0	97.93	0.00	0.00
GCF_013282985.1_ASM1328298v1	o__Oceanospirillales (UID4446)	43	529	233	6	523	0	0	0	0	97.93	0.00	0.00
GCF_013283015.1_ASM1328301v1	o__Oceanospirillales (UID4446)	43	529	233	6	523	0	0	0	0	97.93	0.00	0.00
GCF_013283035.1_ASM1328303v1	f__Rhodobacteraceae (UID3356)	67	616	330	1	613	2	0	0	0	99.70	0.40	0.00
GCF_013283055.1_ASM1328305v1	f__Rhodobacteraceae (UID3356)	67	616	330	1	613	2	0	0	0	99.70	0.40	0.00
GCF_013283075.1_ASM1328307v1	f__Rhodobacteraceae (UID3356)	67	616	330	1	604	11	0	0	0	99.70	2.16	36.36
GCF_013283095.1_ASM1328309v1	f__Rhodobacteraceae (UID3356)	67	616	330	1	613	2	0	0	0	99.70	0.40	0.00
GCF_013283115.1_ASM1328311v1	f__Rhodobacteraceae (UID3356)	67	616	330	1	612	2	1	0	0	99.70	0.53	20.00
GCF_013283135.1_ASM1328313v1	f__Rhodobacteraceae (UID3356)	67	616	330	1	613	2	0	0	0	99.70	0.40	0.00
GCF_013283155.1_ASM1328315v1	o__Oceanospirillales (UID4446)	43	529	233	6	522	1	0	0	0	97.93	0.43	0.00
GCF_013283165.1_ASM1328316v1	f__Rhodobacteraceae (UID3356)	67	616	330	1	613	2	0	0	0	99.70	0.40	0.00
GCF_013283255.1_ASM1328325v1	o__Oceanospirillales (UID4446)	43	529	233	6	520	3	0	0	0	97.93	0.43	100.00
GCF_013283275.1_ASM1328327v1	o__Oceanospirillales (UID4446)	43	529	233	6	523	0	0	0	0	97.93	0.00	0.00
GCF_013283295.1_ASM1328329v1	o__Oceanospirillales (UID4446)	43	529	233	6	522	1	0	0	0	97.93	0.43	0.00
GCF_013283315.1_ASM1328331v1	o__Oceanospirillales (UID4446)	43	529	233	7	518	4	0	0	0	97.88	0.86	75.00
GCF_013283345.1_ASM1328334v1	o__Oceanospirillales (UID4446)	43	529	233	6	520	3	0	0	0	97.93	0.43	100.00
GCF_013283365.1_ASM1328336v1	o__Oceanospirillales (UID4446)	43	529	233	6	523	0	0	0	0	97.93	0.00	0.00
GCF_013283385.1_ASM1328338v1	o__Oceanospirillales (UID4446)	43	529	233	6	523	0	0	0	0	97.93	0.00	0.00
GCF_013283405.1_ASM1328340v1	o__Oceanospirillales (UID4446)	43	529	233	7	521	1	0	0	0	97.50	0.43	0.00
GCF_013283425.1_ASM1328342v1	o__Oceanospirillales (UID4446)	43	529	233	6	523	0	0	0	0	97.93	0.00	0.00
GCF_013283445.1_ASM1328344v1	f__Rhodobacteraceae (UID3356)	67	616	330	1	613	2	0	0	0	99.70	0.40	0.00
GCF_013283465.1_ASM1328346v1	f__Rhodobacteraceae (UID3356)	67	616	330	1	612	2	1	0	0	99.70	0.53	20.00
GCF_013283485.1_ASM1328348v1	f__Rhodobacteraceae (UID3356)	67	616	330	1	612	3	0	0	0	99.70	0.46	0.00
GCF_013283495.1_ASM1328349v1	f__Rhodobacteraceae (UID3356)	67	616	330	1	613	2	0	0	0	99.70	0.40	0.00
GCF_013283525.1_ASM1328352v1	f__Rhodobacteraceae (UID3356)	67	616	330	1	612	3	0	0	0	99.70	0.46	0.00
GCF_013283535.1_ASM1328353v1	f__Rhodobacteraceae (UID3356)	67	616	330	1	612	3	0	0	0	99.70	0.46	0.00
GCF_013283565.1_ASM1328356v1	f__Rhodobacteraceae (UID3356)	67	616	330	1	612	3	0	0	0	99.70	0.46	0.00
GCF_013283585.1_ASM1328358v1	f__Rhodobacteraceae (UID3356)	67	616	330	1	613	2	0	0	0	99.70	0.40	0.00
GCF_013283605.1_ASM1328360v1	f__Rhodobacteraceae (UID3356)	67	616	330	1	613	2	0	0	0	99.70	0.40	0.00
GCF_013315265.1_ASM1331526v1	f__Rhodobacteraceae (UID3356)	67	617	330	2	613	2	0	0	0	99.39	0.12	0.00
GCF_013341275.1_ASM1334127v1	o__Rhizobiales (UID3447)	356	416	249	3	411	2	0	0	0	99.00	0.54	0.00
GCF_013346665.1_ASM1334666v1	f__Rhodobacteraceae (UID3360)	56	582	313	1	578	3	0	0	0	99.68	0.48	0.00
GCF_013366255.1_ASM1336625v1	c__Gammaproteobacteria (UID4787)	26	752	296	0	742	9	1	0	0	100.00	1.80	0.00
GCF_013371495.1_ASM1337149v1	o__Sphingomonadales (UID3310)	26	569	293	5	556	8	0	0	0	99.22	1.28	0.00
GCF_013390705.1_ASM1339070v1	f__Vibrionaceae (UID4865)	80	922	367	14	903	5	0	0	0	97.96	0.45	0.00
GCF_013391065.1_ASM1339106v1	f__Vibrionaceae (UID4865)	80	922	367	17	899	6	0	0	0	98.29	0.68	0.00
GCF_013416325.1_ASM1341632v1	c__Gammaproteobacteria (UID4444)	263	506	232	0	503	3	0	0	0	100.00	0.67	0.00
GCF_013416515.1_ASM1341651v1	c__Betaproteobacteria (UID3959)	235	419	211	0	417	2	0	0	0	100.00	0.95	0.00
GCF_013868145.1_ASM1386814v1	o__Rhizobiales (UID3642)	107	485	316	1	483	1	0	0	0	99.89	0.16	0.00
GCF_014050145.1_ASM1405014v1	g__Vibrio (UID4874)	71	1067	378	2	1054	11	0	0	0	99.78	1.07	0.00
GCF_014050225.1_ASM1405022v1	o__Rhizobiales (UID3642)	107	485	316	1	483	1	0	0	0	99.68	0.32	0.00
GCF_014060985.1_ASM1406098v1	g__Pseudomonas (UID4550)	78	1044	368	17	980	46	1	0	0	98.87	3.05	89.80
GCF_014077575.1_ASM1407757v1	c__Gammaproteobacteria (UID4444)	263	507	232	1	504	2	0	0	0	99.86	0.52	0.00
GCF_014164585.1_ASM1416458v1	c__Gammaproteobacteria (UID4444)	263	506	232	0	491	15	0	0	0	100.00	3.99	0.00
GCF_014237875.1_ASM1423787v1	o__Sphingomonadales (UID3310)	26	569	293	4	559	5	1	0	0	99.14	0.95	37.50
GCF_014252955.1_ASM1425295v1	o__Rhizobiales (UID3642)	107	485	316	2	479	4	0	0	0	99.58	0.95	0.00
GCF_014334095.1_ASM1433409v1	o__Sphingomonadales (UID3310)	26	569	293	3	560	6	0	0	0	99.48	0.56	0.00
GCF_014334115.1_ASM1433411v1	o__Sphingomonadales (UID3310)	26	569	293	1	568	0	0	0	0	99.66	0.00	0.00
GCF_014334315.1_ASM1433431v1	o__Rhizobiales (UID3447)	356	414	248	0	414	0	0	0	0	100.00	0.00	0.00
GCF_014337925.1_ASM1433792v1	f__Rhodobacteraceae (UID3360)	56	582	313	8	522	52	0	0	0	97.98	5.43	100.00
GCF_014489115.1_ASM1448911v1	f__Rhodocyclaceae (UID3972)	30	540	241	0	539	1	0	0	0	100.00	0.41	0.00
GCF_014705715.1_ASM1470571v1	o__Sphingomonadales (UID3310)	26	569	293	5	563	1	0	0	0	98.79	0.17	0.00
GCF_014750655.1_ASM1475065v1	c__Gammaproteobacteria (UID4761)	52	693	297	0	689	4	0	0	0	100.00	0.68	0.00
GCF_014763045.1_ASM1476304v1	f__Rhodobacteraceae (UID3360)	56	582	313	2	576	4	0	0	0	99.57	0.61	0.00
GCF_014773385.1_ASM1477338v1	g__Bacillus (UID856)	101	682	227	2	660	18	0	2	0	99.12	5.42	3.33
GCF_014837235.1_ASM1483723v1	o__Burkholderiales (UID4000)	193	427	214	2	423	2	0	0	0	99.81	0.29	0.00
GCF_014876835.1_ASM1487683v1	c__Gammaproteobacteria (UID4444)	263	507	232	2	504	1	0	0	0	99.14	0.43	0.00
GCF_014899185.1_ASM1489918v1	f__Rhodobacteraceae (UID3361)	46	654	332	6	644	4	0	0	0	98.57	0.80	0.00
GCF_014901205.1_ASM1490120v1	f__Rhodobacteraceae (UID3340)	84	568	330	2	563	3	0	0	0	99.60	0.91	0.00
GCF_014904705.1_ASM1490470v1	c__Alphaproteobacteria (UID3305)	564	349	230	0	345	4	0	0	0	100.00	1.52	25.00
GCF_014905675.1_ASM1490567v1	f__Vibrionaceae (UID4865)	80	922	367	0	918	3	1	0	0	100.00	1.14	16.67
GCF_014905705.1_ASM1490570v1	f__Vibrionaceae (UID4865)	80	922	367	0	918	4	0	0	0	100.00	0.95	0.00
GCF_014905715.1_ASM1490571v1	f__Vibrionaceae (UID4865)	80	922	367	3	911	8	0	0	0	99.73	1.35	12.50
GCF_014905775.1_ASM1490577v1	f__Vibrionaceae (UID4865)	80	922	367	0	917	5	0	0	0	100.00	0.89	0.00
GCF_014925385.1_ASM1492538v1	c__Alphaproteobacteria (UID3305)	564	349	230	1	345	3	0	0	0	99.57	0.87	0.00
GCF_014925645.1_ASM1492564v1	f__Vibrionaceae (UID4865)	80	922	367	0	919	3	0	0	0	100.00	0.59	0.00
GCF_015143595.1_ASM1514359v1	c__Alphaproteobacteria (UID3305)	564	349	230	0	347	2	0	0	0	100.00	0.65	0.00
GCF_015163535.1_ASM1516353v1	f__Vibrionaceae (UID4865)	80	922	367	24	885	13	0	0	0	98.11	1.82	61.54
GCF_015163545.1_ASM1516354v1	g__Vibrio (UID4874)	71	1066	378	9	1051	6	0	0	0	98.66	0.91	0.00
GCF_015163555.1_ASM1516355v1	g__Vibrio (UID4874)	71	1066	378	8	1054	4	0	0	0	99.04	0.50	0.00
GCF_015163595.1_ASM1516359v1	f__Vibrionaceae (UID4865)	80	922	367	6	912	4	0	0	0	99.58	0.43	0.00
GCF_015163615.1_ASM1516361v1	g__Vibrio (UID4874)	71	1066	378	12	1040	13	1	0	0	98.70	1.23	0.00
GCF_015163635.1_ASM1516363v1	g__Vibrio (UID4874)	71	1066	378	1	1059	6	0	0	0	99.87	0.81	0.00
GCF_015207935.1_ASM1520793v1	p__Cyanobacteria (UID2192)	79	584	458	1	582	1	0	0	0	99.78	0.22	0.00
GCF_015207985.1_ASM1520798v1	p__Cyanobacteria (UID2192)	79	584	458	2	581	1	0	0	0	99.56	0.22	0.00
GCF_015209595.1_ASM1520959v1	o__Oceanospirillales (UID4446)	43	529	233	1	524	4	0	0	0	99.57	0.60	0.00
GCF_015220045.1_ASM1522004v1	f__Rhodobacteraceae (UID3356)	67	617	330	1	612	4	0	0	0	99.94	1.21	0.00
GCF_015709045.1_ASM1570904v1	f__Vibrionaceae (UID4865)	80	922	367	0	919	3	0	0	0	100.00	0.13	0.00
GCF_015709065.1_ASM1570906v1	f__Vibrionaceae (UID4865)	80	922	367	1	918	3	0	0	0	99.93	0.36	0.00
GCF_015999305.1_ASM1599930v1	o__Sphingomonadales (UID3310)	26	569	293	2	563	4	0	0	0	99.59	1.09	25.00
GCF_016019885.1_ASM1601988v1	o__Sphingomonadales (UID3310)	26	569	293	6	559	4	0	0	0	99.09	0.88	50.00
GCF_016019975.1_ASM1601997v1	f__Rhodobacteraceae (UID3360)	56	582	313	1	577	4	0	0	0	99.89	0.75	0.00
GCF_016056335.1_ASM1605633v1	c__Gammaproteobacteria (UID4444)	263	507	232	0	506	1	0	0	0	100.00	0.43	0.00
GCF_016132465.1_ASM1613246v1	f__Vibrionaceae (UID4865)	80	922	367	0	902	20	0	0	0	100.00	3.32	95.00
GCF_016132485.1_ASM1613248v1	f__Vibrionaceae (UID4865)	80	922	367	0	898	24	0	0	0	100.00	4.63	95.83
GCF_016134045.1_ASM1613404v1	f__Rhodobacteraceae (UID3356)	67	617	330	1	615	1	0	0	0	99.92	0.10	0.00
GCF_016307205.1_ASM1630720v1	f__Rhodobacteraceae (UID3360)	56	582	313	5	575	2	0	0	0	98.83	0.64	0.00
GCF_016403045.1_ASM1640304v1	f__Vibrionaceae (UID4865)	80	922	367	0	922	0	0	0	0	100.00	0.00	0.00
GCF_016406055.1_ASM1640605v1	g__Vibrio (UID4874)	71	1066	378	2	1057	7	0	0	0	99.80	0.54	0.00
GCF_016412875.1_ASM1641287v1	f__Rhodobacteraceae (UID3356)	67	617	330	3	611	3	0	0	0	99.24	0.30	0.00
GCF_016427555.1_ASM1642755v1	c__Gammaproteobacteria (UID4444)	263	507	232	0	506	1	0	0	0	100.00	0.22	0.00
GCF_016583515.1_ASM1658351v1	c__Gammaproteobacteria (UID4274)	112	581	290	2	565	14	0	0	0	99.83	1.09	0.00
GCF_016584015.1_ASM1658401v1	o__Rhizobiales (UID3447)	356	416	249	3	409	4	0	0	0	99.00	0.87	0.00
GCF_016597725.1_ASM1659772v1	c__Gammaproteobacteria (UID4444)	263	507	232	0	502	5	0	0	0	100.00	0.95	0.00
GCF_016597775.1_ASM1659777v1	c__Gammaproteobacteria (UID4444)	263	507	232	0	507	0	0	0	0	100.00	0.00	0.00
GCF_016597815.1_ASM1659781v1	c__Gammaproteobacteria (UID4444)	263	507	232	0	507	0	0	0	0	100.00	0.00	0.00
GCF_016605985.1_ASM1660598v1	g__Bacillus (UID901)	46	1082	303	4	1075	3	0	0	0	99.21	0.21	0.00
GCF_016622185.1_ASM1662218v1	o__Pseudomonadales (UID4488)	185	813	308	1	810	2	0	0	0	99.68	0.14	0.00
GCF_016622205.1_ASM1662220v1	o__Pseudomonadales (UID4488)	185	813	308	1	810	2	0	0	0	99.68	0.14	0.00
GCF_016622225.1_ASM1662222v1	o__Pseudomonadales (UID4488)	185	813	308	1	810	2	0	0	0	99.68	0.14	0.00
GCF_016622265.1_ASM1662226v1	o__Pseudomonadales (UID4488)	185	813	308	1	810	2	0	0	0	99.68	0.14	0.00
GCF_016622285.1_ASM1662228v1	o__Pseudomonadales (UID4488)	185	813	308	1	810	2	0	0	0	99.68	0.14	0.00
GCF_016622445.1_ASM1662244v1	o__Pseudomonadales (UID4488)	185	813	308	1	803	2	0	7	0	99.68	7.09	97.73
GCF_016622475.1_ASM1662247v1	o__Pseudomonadales (UID4488)	185	813	308	1	810	2	0	0	0	99.68	0.14	0.00
GCF_016622505.1_ASM1662250v1	o__Pseudomonadales (UID4488)	185	813	308	1	810	2	0	0	0	99.68	0.14	0.00
GCF_016653195.1_ASM1665319v1	c__Alphaproteobacteria (UID3305)	564	349	230	0	349	0	0	0	0	100.00	0.00	0.00
GCF_016653205.1_ASM1665320v1	f__Rhodobacteraceae (UID3340)	84	568	330	5	558	5	0	0	0	98.91	1.21	0.00
GCF_016653215.1_ASM1665321v1	c__Alphaproteobacteria (UID3305)	564	349	230	0	349	0	0	0	0	100.00	0.00	0.00
GCF_016653295.1_ASM1665329v1	c__Gammaproteobacteria (UID4274)	112	581	290	3	573	5	0	0	0	99.57	0.98	0.00
GCF_016653375.1_ASM1665337v1	o__Rhizobiales (UID3642)	107	485	316	5	472	8	0	0	0	98.42	1.90	0.00
GCF_016695175.1_ASM1669517v1	c__Gammaproteobacteria (UID4787)	26	752	296	1	748	3	0	0	0	99.89	0.31	0.00
GCF_016817355.1_ASM1681735v1	c__Alphaproteobacteria (UID3422)	26	529	308	1	527	1	0	0	0	99.84	0.11	0.00
GCF_016823165.1_ASM1682316v1	f__Vibrionaceae (UID4865)	80	922	367	0	922	0	0	0	0	100.00	0.00	0.00
GCF_016834555.1_ASM1683455v1	f__Vibrionaceae (UID4865)	80	922	367	1	919	1	1	0	0	99.73	0.60	0.00
GCF_016865555.1_ASM1686555v1	o__Pseudomonadales (UID4488)	185	813	308	0	801	12	0	0	0	100.00	1.57	0.00
GCF_016888515.1_ASM1688851v1	f__Rhodobacteraceae (UID3360)	56	582	313	2	578	2	0	0	0	99.57	0.32	0.00
GCF_017051665.1_ASM1705166v1	o__Oceanospirillales (UID4446)	43	529	233	2	520	7	0	0	0	99.50	2.29	0.00
GCF_017161425.1_ASM1716142v1	c__Alphaproteobacteria (UID3422)	26	529	308	2	527	0	0	0	0	99.51	0.00	0.00
GCF_017168345.1_ASM1716834v1	c__Gammaproteobacteria (UID4444)	263	506	232	0	497	9	0	0	0	100.00	2.32	22.22
GCF_017183135.1_ASM1718313v1	o__Rhizobiales (UID3447)	356	414	248	1	412	1	0	0	0	99.60	0.40	0.00
GCF_017311575.1_ASM1731157v1	o__Rhodospirillales (UID3754)	63	336	201	0	335	1	0	0	0	100.00	0.50	0.00
GCF_017313085.1_ASM1731308v1	o__Rhizobiales (UID3642)	107	484	316	3	480	1	0	0	0	99.26	0.16	0.00
GCF_017347095.1_ASM1734709v1	c__Bacilli (UID259)	750	275	151	2	268	5	0	0	0	98.68	2.54	0.00
GCF_017354965.1_ASM1735496v1	c__Gammaproteobacteria (UID4442)	899	312	185	0	309	3	0	0	0	100.00	1.16	0.00
GCF_017498085.1_ASM1749808v1	o__Pseudomonadales (UID4679)	87	674	364	0	672	2	0	0	0	100.00	0.55	0.00
GCF_017742995.1_ASM1774299v1	c__Gammaproteobacteria (UID4787)	26	752	296	1	747	4	0	0	0	99.89	0.33	0.00
GCF_017743735.1_ASM1774373v1	f__Rhodobacteraceae (UID3360)	56	582	313	4	575	3	0	0	0	99.31	0.38	0.00
GCF_017743755.1_ASM1774375v1	f__Rhodobacteraceae (UID3360)	56	582	313	4	575	2	1	0	0	99.09	0.54	0.00
GCF_017743775.1_ASM1774377v1	f__Rhodobacteraceae (UID3360)	56	582	313	4	574	4	0	0	0	99.09	0.70	0.00
GCF_017743795.1_ASM1774379v1	f__Rhodobacteraceae (UID3360)	56	582	313	2	579	1	0	0	0	99.57	0.05	0.00
GCF_017743815.1_ASM1774381v1	f__Rhodobacteraceae (UID3360)	56	582	313	2	579	1	0	0	0	99.57	0.05	0.00
GCF_017743835.1_ASM1774383v1	o__Rhizobiales (UID3642)	107	484	316	1	480	3	0	0	0	99.68	0.58	0.00
GCF_017743845.1_ASM1774384v1	o__Rhizobiales (UID3642)	107	484	316	0	478	6	0	0	0	100.00	1.16	0.00
GCF_017743865.1_ASM1774386v1	o__Rhizobiales (UID3642)	107	484	316	0	477	7	0	0	0	100.00	1.48	0.00
GCF_017743885.1_ASM1774388v1	f__Rhodobacteraceae (UID3360)	56	582	313	1	579	2	0	0	0	99.68	0.48	50.00
GCF_017743915.1_ASM1774391v1	f__Rhodobacteraceae (UID3360)	56	582	313	6	557	18	1	0	0	99.13	4.08	0.00
GCF_017743935.1_ASM1774393v1	f__Rhodobacteraceae (UID3360)	56	582	313	3	579	0	0	0	0	99.47	0.00	0.00
GCF_017743945.1_ASM1774394v1	f__Rhodobacteraceae (UID3375)	32	625	283	2	621	2	0	0	0	99.77	0.41	0.00
GCF_017743975.1_ASM1774397v1	f__Rhodobacteraceae (UID3360)	56	582	313	2	577	3	0	0	0	99.57	0.75	33.33
GCF_017743995.1_ASM1774399v1	f__Rhodobacteraceae (UID3360)	56	582	313	4	577	1	0	0	0	99.15	0.32	0.00
GCF_017744015.1_ASM1774401v1	f__Rhodobacteraceae (UID3340)	84	568	330	3	559	6	0	0	0	99.09	1.11	33.33
GCF_017744035.1_ASM1774403v1	f__Rhodobacteraceae (UID3360)	56	582	313	10	569	3	0	0	0	98.19	0.96	0.00
GCF_017744045.1_ASM1774404v1	f__Rhodobacteraceae (UID3361)	46	654	332	3	645	6	0	0	0	99.30	0.90	0.00
GCF_017744075.1_ASM1774407v1	f__Rhodobacteraceae (UID3340)	84	568	330	3	559	6	0	0	0	99.09	1.11	33.33
GCF_017744095.1_ASM1774409v1	f__Rhodobacteraceae (UID3360)	56	582	313	11	570	1	0	0	0	98.08	0.32	0.00
GCF_017744185.1_ASM1774418v1	o__Sphingomonadales (UID3310)	26	569	293	2	567	0	0	0	0	99.82	0.00	0.00
GCF_017744215.1_ASM1774421v1	o__Rhodospirillales (UID3754)	63	336	201	0	334	2	0	0	0	100.00	0.75	0.00
GCF_017744235.1_ASM1774423v1	o__Sphingomonadales (UID3310)	26	569	293	1	567	1	0	0	0	99.93	0.11	0.00
GCF_017744255.1_ASM1774425v1	c__Alphaproteobacteria (UID3422)	26	529	308	1	527	1	0	0	0	99.68	0.16	0.00
GCF_017811755.1_ASM1781175v1	f__Rhodobacteraceae (UID3340)	84	568	330	7	557	4	0	0	0	98.86	0.61	0.00
GCF_017912535.1_ASM1791253v1	o__Oceanospirillales (UID4446)	43	529	233	5	516	8	0	0	0	98.70	1.49	0.00
GCF_017916635.1_ASM1791663v1	g__Vibrio (UID4874)	71	1066	378	1	1059	6	0	0	0	99.87	0.54	0.00
GCF_017916675.1_ASM1791667v1	g__Vibrio (UID4874)	71	1066	378	1	1012	51	1	1	0	99.87	5.31	1.67
GCF_017916695.1_ASM1791669v1	g__Vibrio (UID4874)	71	1066	378	1	1060	5	0	0	0	99.87	0.31	0.00
GCF_017916715.1_ASM1791671v1	g__Vibrio (UID4874)	71	1066	378	1	1060	5	0	0	0	99.87	0.27	0.00
GCF_017916725.1_ASM1791672v1	g__Vibrio (UID4874)	71	1066	378	1	1061	4	0	0	0	99.87	0.24	0.00
GCF_017916745.1_ASM1791674v1	g__Vibrio (UID4874)	71	1066	378	1	1059	6	0	0	0	99.87	0.41	0.00
GCF_017916775.1_ASM1791677v1	g__Vibrio (UID4874)	71	1066	378	1	1060	5	0	0	0	99.87	0.90	0.00
GCF_017916825.1_ASM1791682v1	g__Vibrio (UID4874)	71	1066	378	1	1060	5	0	0	0	99.98	0.55	0.00
GCF_017916835.1_ASM1791683v1	g__Vibrio (UID4874)	71	1066	378	1	1057	7	1	0	0	99.87	0.85	0.00
GCF_017917035.1_ASM1791703v1	g__Vibrio (UID4874)	71	1066	378	1	1058	7	0	0	0	99.87	0.63	0.00
GCF_017917115.1_ASM1791711v1	g__Vibrio (UID4874)	71	1066	378	1	1060	5	0	0	0	99.98	0.55	0.00
GCF_017917315.1_ASM1791731v1	g__Vibrio (UID4874)	71	1066	378	1	1058	7	0	0	0	99.98	0.86	0.00
GCF_017917465.1_ASM1791746v1	g__Vibrio (UID4874)	71	1066	378	1	1053	12	0	0	0	99.87	1.69	8.33
GCF_017918265.1_ASM1791826v1	g__Vibrio (UID4874)	71	1066	378	1	1059	6	0	0	0	99.87	0.41	0.00
GCF_018224955.1_ASM1822495v1	f__Rhodobacteraceae (UID3361)	46	654	332	3	640	11	0	0	0	99.10	2.18	9.09
GCF_018282095.1_ASM1828209v1	o__Rhizobiales (UID3642)	107	483	315	0	483	0	0	0	0	100.00	0.00	0.00
GCF_018406605.1_ASM1840660v1	f__Xanthomonadaceae (UID4214)	55	659	290	1	656	2	0	0	0	99.66	0.34	0.00
GCF_018417655.1_ASM1841765v1	g__Pseudomonas (UID4550)	78	1044	368	68	963	12	1	0	0	97.73	1.61	13.33
GCF_018440505.1_ASM1844050v1	g__Vibrio (UID4874)	71	1066	378	1	1058	7	0	0	0	99.87	0.50	0.00
GCF_018457165.1_ASM1845716v1	o__Rhizobiales (UID3450)	238	513	244	2	509	2	0	0	0	99.18	0.82	0.00
GCF_018457175.1_ASM1845717v1	f__Rhodobacteraceae (UID3356)	67	616	330	2	613	1	0	0	0	99.39	0.30	0.00
GCF_018457365.1_ASM1845736v1	f__Vibrionaceae (UID4865)	80	922	367	0	921	1	0	0	0	100.00	0.05	0.00
GCF_018457385.1_ASM1845738v1	f__Vibrionaceae (UID4865)	80	922	367	0	921	1	0	0	0	100.00	0.05	0.00
GCF_018458405.1_ASM1845840v1	f__Vibrionaceae (UID4865)	80	922	367	0	921	1	0	0	0	100.00	0.05	0.00
GCF_018595715.1_ASM1859571v1	c__Gammaproteobacteria (UID4761)	52	693	297	4	688	1	0	0	0	99.41	0.17	0.00
GCF_018636735.1_ASM1863673v1	o__Sphingomonadales (UID3310)	26	569	293	7	558	4	0	0	0	98.79	0.54	0.00
GCF_018682735.1_ASM1868273v1	g__Vibrio (UID4874)	71	1066	378	1	1054	11	0	0	0	99.74	0.77	0.00
GCF_018732265.1_ASM1873226v1	g__Pseudomonas (UID4550)	78	1044	368	5	1029	10	0	0	0	99.23	1.47	0.00
GCF_019061185.1_ASM1906118v1	f__Rhodobacteraceae (UID3340)	84	568	330	3	559	6	0	0	0	99.54	1.10	0.00
GCF_019061305.1_ASM1906130v1	o__Oceanospirillales (UID4446)	43	529	233	1	525	3	0	0	0	99.57	0.29	0.00
GCF_019104745.1_ASM1910474v1	f__Rhodobacteraceae (UID3361)	46	654	332	4	645	5	0	0	0	98.80	0.88	0.00
GCF_019339365.1_ASM1933936v1	g__Vibrio (UID4874)	71	1067	378	16	1029	21	1	0	0	97.60	2.48	58.33
GCF_019350925.1_ASM1935092v1	g__Vibrio (UID4874)	71	1067	378	2	1056	9	0	0	0	99.80	0.88	0.00
GCF_019375555.1_ASM1937555v1	f__Rhodobacteraceae (UID3360)	56	582	313	2	579	1	0	0	0	99.57	0.06	0.00
GCF_019430905.1_ASM1943090v1	c__Gammaproteobacteria (UID4444)	263	507	232	0	505	2	0	0	0	100.00	0.65	0.00
GCF_019492055.1_ASM1949205v1	o__Rhizobiales (UID3449)	345	431	258	1	423	7	0	0	0	99.90	1.40	0.00
GCF_019679475.1_ASM1967947v1	c__Alphaproteobacteria (UID3422)	26	529	308	1	525	3	0	0	0	99.68	0.81	0.00
GCF_900184295.1_Chr_1	o__Pseudomonadales (UID4488)	185	812	308	1	808	3	0	0	0	99.68	0.32	0.00
GCF_900379705.1_CFBP_1558	c__Gammaproteobacteria (UID4202)	67	481	276	0	479	2	0	0	0	100.00	0.24	50.00
GCF_900379715.1_CFBP_2510	c__Gammaproteobacteria (UID4202)	67	481	276	0	480	1	0	0	0	100.00	0.12	100.00
GCF_900379725.1_CFBP_4784	c__Gammaproteobacteria (UID4202)	67	481	276	1	472	8	0	0	0	99.64	2.20	100.00
GCF_900379735.1_CFBP_4785	c__Gammaproteobacteria (UID4202)	67	481	276	1	480	0	0	0	0	99.64	0.00	0.00
GCF_900379745.1_CFBP_5253	c__Gammaproteobacteria (UID4202)	67	481	276	1	479	1	0	0	0	99.64	0.12	100.00
GCF_900379755.1_CFBP_4786	c__Gammaproteobacteria (UID4202)	67	481	276	1	473	7	0	0	0	99.64	1.78	85.71
GCF_900379765.1_CFBP_5257	c__Gammaproteobacteria (UID4202)	67	481	276	3	467	11	0	0	0	98.91	2.54	90.91
GCF_900379775.1_CFBP_5260	c__Gammaproteobacteria (UID4202)	67	481	276	1	473	7	0	0	0	99.64	2.05	100.00
GCF_900379785.1_F1-80	c__Gammaproteobacteria (UID4202)	67	481	276	1	477	3	0	0	0	99.64	0.56	100.00
GCF_900379795.1_CFBP_6767	c__Gammaproteobacteria (UID4202)	67	481	276	0	478	3	0	0	0	100.00	0.66	100.00
GCF_900379805.1_F1-81	c__Gammaproteobacteria (UID4202)	67	481	276	0	481	0	0	0	0	100.00	0.00	0.00
GCF_900379815.1_F2-02	c__Gammaproteobacteria (UID4202)	67	481	276	0	481	0	0	0	0	100.00	0.00	0.00
GCF_900379825.1_GBBC_2087	c__Gammaproteobacteria (UID4202)	67	481	276	2	473	6	0	0	0	99.28	1.54	100.00
GCF_900379835.1_GBBC_2088	c__Gammaproteobacteria (UID4202)	67	481	276	1	474	6	0	0	0	99.64	1.11	83.33
GCF_900379845.1_ICMP_13779	c__Gammaproteobacteria (UID4202)	67	481	276	1	471	9	0	0	0	99.64	2.07	88.89
GCF_900379855.1_ICMP_20572	c__Gammaproteobacteria (UID4202)	67	481	276	2	467	12	0	0	0	99.28	2.11	91.67
GCF_900379865.1_ICMP_13780	c__Gammaproteobacteria (UID4202)	67	481	276	1	472	8	0	0	0	99.64	1.57	100.00
GCF_900379875.1_ICMP_20573	c__Gammaproteobacteria (UID4202)	67	481	276	2	468	11	0	0	0	99.52	2.76	72.73
GCF_900379885.1_ICMP_20574	c__Gammaproteobacteria (UID4202)	67	481	276	1	472	8	0	0	0	99.64	1.13	87.50
GCF_900379895.1_ICMP_20575	c__Gammaproteobacteria (UID4202)	67	481	276	0	471	10	0	0	0	100.00	2.22	80.00
GCF_900379905.1_ICMP_4019	c__Gammaproteobacteria (UID4202)	67	481	276	0	476	5	0	0	0	100.00	0.44	100.00
GCF_900379915.1_ICMP_5813	c__Gammaproteobacteria (UID4202)	67	481	276	2	469	10	0	0	0	99.28	2.46	100.00
GCF_900379925.1_ICMP_6269	c__Gammaproteobacteria (UID4202)	67	481	276	0	478	3	0	0	0	100.00	0.82	100.00
GCF_900379935.1_ICMP_659	c__Gammaproteobacteria (UID4202)	67	481	276	2	466	13	0	0	0	99.61	3.03	92.31
GCF_900379945.1_ICMP_6277	c__Gammaproteobacteria (UID4202)	67	481	276	0	475	6	0	0	0	100.00	1.24	100.00
GCF_900379955.1_ICMP_6278	c__Gammaproteobacteria (UID4202)	67	481	276	0	471	10	0	0	0	100.00	2.70	100.00
GCF_900379965.1_ICMP_6646	c__Gammaproteobacteria (UID4202)	67	481	276	0	473	8	0	0	0	100.00	1.78	100.00
GCF_900379975.1_ICMP_6648	c__Gammaproteobacteria (UID4202)	67	481	276	0	474	7	0	0	0	100.00	1.84	100.00
GCF_900379985.1_ICMP_661	c__Gammaproteobacteria (UID4202)	67	481	276	2	468	11	0	0	0	99.55	2.90	90.91
GCF_900379995.1_JVD-0047	c__Gammaproteobacteria (UID4202)	67	481	276	1	475	5	0	0	0	99.64	1.22	100.00
GCF_900380005.1_JVD-0046	c__Gammaproteobacteria (UID4202)	67	481	276	1	476	4	0	0	0	99.64	1.03	75.00
GCF_900380015.1_JVD-0051	c__Gammaproteobacteria (UID4202)	67	481	276	2	472	7	0	0	0	99.55	1.60	85.71
GCF_900380025.1_NBC_2815	c__Gammaproteobacteria (UID4202)	67	481	276	2	479	0	0	0	0	99.82	0.00	0.00
GCF_900380035.1_NCPPB_1822	c__Gammaproteobacteria (UID4202)	67	481	276	0	479	2	0	0	0	100.00	0.16	50.00
GCF_900380045.1_NCPPB_2473	c__Gammaproteobacteria (UID4202)	67	481	276	0	479	2	0	0	0	100.00	0.39	100.00
GCF_900380055.1_NCPPB_3743	c__Gammaproteobacteria (UID4202)	67	481	276	0	480	1	0	0	0	100.00	0.12	0.00
GCF_900380065.1_PD_2659	c__Gammaproteobacteria (UID4202)	67	481	276	1	479	1	0	0	0	99.64	0.36	0.00
GCF_900380085.1_PD_2662	c__Gammaproteobacteria (UID4202)	67	481	276	3	478	0	0	0	0	98.91	0.00	0.00
GCF_900380095.1_PD_2905	c__Gammaproteobacteria (UID4202)	67	481	276	1	480	0	0	0	0	99.64	0.00	0.00
GCF_900380105.1_PD_3145	c__Gammaproteobacteria (UID4202)	67	481	276	2	479	0	0	0	0	99.28	0.00	0.00
GCF_900380115.1_PD_4314	c__Gammaproteobacteria (UID4202)	67	481	276	2	479	0	0	0	0	99.28	0.00	0.00
GCF_900380125.1_PD_3160	c__Gammaproteobacteria (UID4202)	67	481	276	2	479	0	0	0	0	99.28	0.00	0.00
GCF_900380135.1_PD_4932	c__Gammaproteobacteria (UID4202)	67	481	276	1	480	0	0	0	0	99.64	0.00	0.00
GCF_900380145.1_PD_4634	c__Gammaproteobacteria (UID4202)	67	481	276	2	478	1	0	0	0	99.28	0.36	0.00
GCF_900380155.1_PD_5205	c__Gammaproteobacteria (UID4202)	67	481	276	7	474	0	0	0	0	97.83	0.00	0.00
GCF_900380165.1_PD_5365	c__Gammaproteobacteria (UID4202)	67	481	276	1	480	0	0	0	0	99.64	0.00	0.00
GCF_900380175.1_PD_6879	c__Gammaproteobacteria (UID4202)	67	481	276	1	480	0	0	0	0	99.64	0.00	0.00
GCF_900380185.1_PD_6840	c__Gammaproteobacteria (UID4202)	67	481	276	1	480	0	0	0	0	99.64	0.00	0.00
GCF_900380195.1_PD_5482	c__Gammaproteobacteria (UID4202)	67	481	276	1	480	0	0	0	0	99.64	0.00	0.00
GCF_900380205.1_PD_6880	c__Gammaproteobacteria (UID4202)	67	481	276	1	480	0	0	0	0	99.64	0.00	0.00
GCF_900380215.1_PD_6881	c__Gammaproteobacteria (UID4202)	67	481	276	1	480	0	0	0	0	99.64	0.00	0.00
GCF_900380225.1_PD_6882	c__Gammaproteobacteria (UID4202)	67	481	276	1	480	0	0	0	0	99.64	0.00	0.00
GCF_900380235.1_PD_885	c__Gammaproteobacteria (UID4202)	67	481	276	1	479	1	0	0	0	99.64	0.36	0.00
GCF_900380245.1_XF_61	c__Gammaproteobacteria (UID4202)	67	481	276	3	478	0	0	0	0	98.91	0.00	0.00
GCF_900574125.1_EPIB_assembly_I	f__Rhodobacteraceae (UID3375)	32	625	283	1	621	3	0	0	0	99.65	0.35	0.00
GCF_902153225.2_P007.v3	f__Rhizobiaceae (UID3564)	78	840	354	3	832	4	0	1	0	99.53	1.41	0.00
GCF_902153245.2_JP121.v3	o__Rhizobiales (UID3449)	345	430	257	0	429	1	0	0	0	100.00	0.19	0.00
GCF_902751245.1_Vibrio_sp._strain_Vb339	g__Vibrio (UID4874)	71	1066	378	2	1052	12	0	0	0	99.60	0.74	0.00
